2026-08-07 10:05:08,510 [Worker-1: Loading available Gradle versions] INFO  o.e.b.c.i.u.g.PublishedGradleVersions - Gradle version information cache is not available. Remote download required.
2026-08-07 10:08:02,833 [Worker-9: Launching mavenrun-b1b0db6c-f56c-461c-b2ea-770fe2065c1c] INFO  o.eclipse.m2e.core.internal.Bundles - getClasspathEntries(Bundle=org.eclipse.m2e.maven.runtime_3.9.1101.20251020-1549 [372])
2026-08-07 10:08:02,840 [Worker-9: Launching mavenrun-b1b0db6c-f56c-461c-b2ea-770fe2065c1c] INFO  o.eclipse.m2e.core.internal.Bundles - 	Entry: C:\Users\anujv\Downloads\sts-5.0.1.RELEASE\plugins\org.eclipse.m2e.maven.runtime_3.9.1101.20251020-1549
2026-08-07 10:08:02,841 [Worker-9: Launching mavenrun-b1b0db6c-f56c-461c-b2ea-770fe2065c1c] INFO  o.eclipse.m2e.core.internal.Bundles - 	Entry: C:\Users\anujv\Downloads\sts-5.0.1.RELEASE\plugins\org.eclipse.m2e.maven.runtime_3.9.1101.20251020-1549\jars\aopalliance-1.0.jar
2026-08-07 10:08:02,842 [Worker-9: Launching mavenrun-b1b0db6c-f56c-461c-b2ea-770fe2065c1c] INFO  o.eclipse.m2e.core.internal.Bundles - 	Entry: C:\Users\anujv\Downloads\sts-5.0.1.RELEASE\plugins\org.eclipse.m2e.maven.runtime_3.9.1101.20251020-1549\jars\asm-9.8.jar
2026-08-07 10:08:02,843 [Worker-9: Launching mavenrun-b1b0db6c-f56c-461c-b2ea-770fe2065c1c] INFO  o.eclipse.m2e.core.internal.Bundles - 	Entry: C:\Users\anujv\Downloads\sts-5.0.1.RELEASE\plugins\org.eclipse.m2e.maven.runtime_3.9.1101.20251020-1549\jars\error_prone_annotations-2.38.0.jar
2026-08-07 10:08:02,843 [Worker-9: Launching mavenrun-b1b0db6c-f56c-461c-b2ea-770fe2065c1c] INFO  o.eclipse.m2e.core.internal.Bundles - 	Entry: C:\Users\anujv\Downloads\sts-5.0.1.RELEASE\plugins\org.eclipse.m2e.maven.runtime_3.9.1101.20251020-1549\jars\gson-2.13.1.jar
2026-08-07 10:08:02,843 [Worker-9: Launching mavenrun-b1b0db6c-f56c-461c-b2ea-770fe2065c1c] INFO  o.eclipse.m2e.core.internal.Bundles - 	Entry: C:\Users\anujv\Downloads\sts-5.0.1.RELEASE\plugins\org.eclipse.m2e.maven.runtime_3.9.1101.20251020-1549\jars\guice-5.1.0-classes.jar
2026-08-07 10:08:02,843 [Worker-9: Launching mavenrun-b1b0db6c-f56c-461c-b2ea-770fe2065c1c] INFO  o.eclipse.m2e.core.internal.Bundles - 	Entry: C:\Users\anujv\Downloads\sts-5.0.1.RELEASE\plugins\org.eclipse.m2e.maven.runtime_3.9.1101.20251020-1549\jars\httpclient-4.5.14.jar
2026-08-07 10:08:02,843 [Worker-9: Launching mavenrun-b1b0db6c-f56c-461c-b2ea-770fe2065c1c] INFO  o.eclipse.m2e.core.internal.Bundles - 	Entry: C:\Users\anujv\Downloads\sts-5.0.1.RELEASE\plugins\org.eclipse.m2e.maven.runtime_3.9.1101.20251020-1549\jars\httpcore-4.4.16.jar
2026-08-07 10:08:02,843 [Worker-9: Launching mavenrun-b1b0db6c-f56c-461c-b2ea-770fe2065c1c] INFO  o.eclipse.m2e.core.internal.Bundles - 	Entry: C:\Users\anujv\Downloads\sts-5.0.1.RELEASE\plugins\org.eclipse.m2e.maven.runtime_3.9.1101.20251020-1549\jars\jansi-2.4.2.jar
2026-08-07 10:08:02,843 [Worker-9: Launching mavenrun-b1b0db6c-f56c-461c-b2ea-770fe2065c1c] INFO  o.eclipse.m2e.core.internal.Bundles - 	Entry: C:\Users\anujv\Downloads\sts-5.0.1.RELEASE\plugins\org.eclipse.m2e.maven.runtime_3.9.1101.20251020-1549\jars\jcl-over-slf4j-1.7.36.jar
2026-08-07 10:08:02,844 [Worker-9: Launching mavenrun-b1b0db6c-f56c-461c-b2ea-770fe2065c1c] INFO  o.eclipse.m2e.core.internal.Bundles - 	Entry: C:\Users\anujv\Downloads\sts-5.0.1.RELEASE\plugins\org.eclipse.m2e.maven.runtime_3.9.1101.20251020-1549\jars\maven-artifact-3.9.11.jar
2026-08-07 10:08:02,844 [Worker-9: Launching mavenrun-b1b0db6c-f56c-461c-b2ea-770fe2065c1c] INFO  o.eclipse.m2e.core.internal.Bundles - 	Entry: C:\Users\anujv\Downloads\sts-5.0.1.RELEASE\plugins\org.eclipse.m2e.maven.runtime_3.9.1101.20251020-1549\jars\maven-builder-support-3.9.11.jar
2026-08-07 10:08:02,844 [Worker-9: Launching mavenrun-b1b0db6c-f56c-461c-b2ea-770fe2065c1c] INFO  o.eclipse.m2e.core.internal.Bundles - 	Entry: C:\Users\anujv\Downloads\sts-5.0.1.RELEASE\plugins\org.eclipse.m2e.maven.runtime_3.9.1101.20251020-1549\jars\maven-compat-3.9.11.jar
2026-08-07 10:08:02,844 [Worker-9: Launching mavenrun-b1b0db6c-f56c-461c-b2ea-770fe2065c1c] INFO  o.eclipse.m2e.core.internal.Bundles - 	Entry: C:\Users\anujv\Downloads\sts-5.0.1.RELEASE\plugins\org.eclipse.m2e.maven.runtime_3.9.1101.20251020-1549\jars\maven-core-3.9.11.jar
2026-08-07 10:08:02,845 [Worker-9: Launching mavenrun-b1b0db6c-f56c-461c-b2ea-770fe2065c1c] INFO  o.eclipse.m2e.core.internal.Bundles - 	Entry: C:\Users\anujv\Downloads\sts-5.0.1.RELEASE\plugins\org.eclipse.m2e.maven.runtime_3.9.1101.20251020-1549\jars\maven-embedder-3.9.11.jar
2026-08-07 10:08:02,845 [Worker-9: Launching mavenrun-b1b0db6c-f56c-461c-b2ea-770fe2065c1c] INFO  o.eclipse.m2e.core.internal.Bundles - 	Entry: C:\Users\anujv\Downloads\sts-5.0.1.RELEASE\plugins\org.eclipse.m2e.maven.runtime_3.9.1101.20251020-1549\jars\maven-model-3.9.11.jar
2026-08-07 10:08:02,845 [Worker-9: Launching mavenrun-b1b0db6c-f56c-461c-b2ea-770fe2065c1c] INFO  o.eclipse.m2e.core.internal.Bundles - 	Entry: C:\Users\anujv\Downloads\sts-5.0.1.RELEASE\plugins\org.eclipse.m2e.maven.runtime_3.9.1101.20251020-1549\jars\maven-model-builder-3.9.11.jar
2026-08-07 10:08:02,845 [Worker-9: Launching mavenrun-b1b0db6c-f56c-461c-b2ea-770fe2065c1c] INFO  o.eclipse.m2e.core.internal.Bundles - 	Entry: C:\Users\anujv\Downloads\sts-5.0.1.RELEASE\plugins\org.eclipse.m2e.maven.runtime_3.9.1101.20251020-1549\jars\maven-plugin-api-3.9.11.jar
2026-08-07 10:08:02,845 [Worker-9: Launching mavenrun-b1b0db6c-f56c-461c-b2ea-770fe2065c1c] INFO  o.eclipse.m2e.core.internal.Bundles - 	Entry: C:\Users\anujv\Downloads\sts-5.0.1.RELEASE\plugins\org.eclipse.m2e.maven.runtime_3.9.1101.20251020-1549\jars\maven-repository-metadata-3.9.11.jar
2026-08-07 10:08:02,845 [Worker-9: Launching mavenrun-b1b0db6c-f56c-461c-b2ea-770fe2065c1c] INFO  o.eclipse.m2e.core.internal.Bundles - 	Entry: C:\Users\anujv\Downloads\sts-5.0.1.RELEASE\plugins\org.eclipse.m2e.maven.runtime_3.9.1101.20251020-1549\jars\maven-resolver-api-1.9.24.jar
2026-08-07 10:08:02,845 [Worker-9: Launching mavenrun-b1b0db6c-f56c-461c-b2ea-770fe2065c1c] INFO  o.eclipse.m2e.core.internal.Bundles - 	Entry: C:\Users\anujv\Downloads\sts-5.0.1.RELEASE\plugins\org.eclipse.m2e.maven.runtime_3.9.1101.20251020-1549\jars\maven-resolver-connector-basic-1.9.24.jar
2026-08-07 10:08:02,845 [Worker-9: Launching mavenrun-b1b0db6c-f56c-461c-b2ea-770fe2065c1c] INFO  o.eclipse.m2e.core.internal.Bundles - 	Entry: C:\Users\anujv\Downloads\sts-5.0.1.RELEASE\plugins\org.eclipse.m2e.maven.runtime_3.9.1101.20251020-1549\jars\maven-resolver-impl-1.9.24.jar
2026-08-07 10:08:02,845 [Worker-9: Launching mavenrun-b1b0db6c-f56c-461c-b2ea-770fe2065c1c] INFO  o.eclipse.m2e.core.internal.Bundles - 	Entry: C:\Users\anujv\Downloads\sts-5.0.1.RELEASE\plugins\org.eclipse.m2e.maven.runtime_3.9.1101.20251020-1549\jars\maven-resolver-named-locks-1.9.24.jar
2026-08-07 10:08:02,845 [Worker-9: Launching mavenrun-b1b0db6c-f56c-461c-b2ea-770fe2065c1c] INFO  o.eclipse.m2e.core.internal.Bundles - 	Entry: C:\Users\anujv\Downloads\sts-5.0.1.RELEASE\plugins\org.eclipse.m2e.maven.runtime_3.9.1101.20251020-1549\jars\maven-resolver-provider-3.9.11.jar
2026-08-07 10:08:02,845 [Worker-9: Launching mavenrun-b1b0db6c-f56c-461c-b2ea-770fe2065c1c] INFO  o.eclipse.m2e.core.internal.Bundles - 	Entry: C:\Users\anujv\Downloads\sts-5.0.1.RELEASE\plugins\org.eclipse.m2e.maven.runtime_3.9.1101.20251020-1549\jars\maven-resolver-spi-1.9.24.jar
2026-08-07 10:08:02,845 [Worker-9: Launching mavenrun-b1b0db6c-f56c-461c-b2ea-770fe2065c1c] INFO  o.eclipse.m2e.core.internal.Bundles - 	Entry: C:\Users\anujv\Downloads\sts-5.0.1.RELEASE\plugins\org.eclipse.m2e.maven.runtime_3.9.1101.20251020-1549\jars\maven-resolver-transport-file-1.9.24.jar
2026-08-07 10:08:02,846 [Worker-9: Launching mavenrun-b1b0db6c-f56c-461c-b2ea-770fe2065c1c] INFO  o.eclipse.m2e.core.internal.Bundles - 	Entry: C:\Users\anujv\Downloads\sts-5.0.1.RELEASE\plugins\org.eclipse.m2e.maven.runtime_3.9.1101.20251020-1549\jars\maven-resolver-transport-http-1.9.24.jar
2026-08-07 10:08:02,846 [Worker-9: Launching mavenrun-b1b0db6c-f56c-461c-b2ea-770fe2065c1c] INFO  o.eclipse.m2e.core.internal.Bundles - 	Entry: C:\Users\anujv\Downloads\sts-5.0.1.RELEASE\plugins\org.eclipse.m2e.maven.runtime_3.9.1101.20251020-1549\jars\maven-resolver-transport-wagon-1.9.24.jar
2026-08-07 10:08:02,846 [Worker-9: Launching mavenrun-b1b0db6c-f56c-461c-b2ea-770fe2065c1c] INFO  o.eclipse.m2e.core.internal.Bundles - 	Entry: C:\Users\anujv\Downloads\sts-5.0.1.RELEASE\plugins\org.eclipse.m2e.maven.runtime_3.9.1101.20251020-1549\jars\maven-resolver-util-1.9.24.jar
2026-08-07 10:08:02,846 [Worker-9: Launching mavenrun-b1b0db6c-f56c-461c-b2ea-770fe2065c1c] INFO  o.eclipse.m2e.core.internal.Bundles - 	Entry: C:\Users\anujv\Downloads\sts-5.0.1.RELEASE\plugins\org.eclipse.m2e.maven.runtime_3.9.1101.20251020-1549\jars\maven-settings-3.9.11.jar
2026-08-07 10:08:02,846 [Worker-9: Launching mavenrun-b1b0db6c-f56c-461c-b2ea-770fe2065c1c] INFO  o.eclipse.m2e.core.internal.Bundles - 	Entry: C:\Users\anujv\Downloads\sts-5.0.1.RELEASE\plugins\org.eclipse.m2e.maven.runtime_3.9.1101.20251020-1549\jars\maven-settings-builder-3.9.11.jar
2026-08-07 10:08:02,846 [Worker-9: Launching mavenrun-b1b0db6c-f56c-461c-b2ea-770fe2065c1c] INFO  o.eclipse.m2e.core.internal.Bundles - 	Entry: C:\Users\anujv\Downloads\sts-5.0.1.RELEASE\plugins\org.eclipse.m2e.maven.runtime_3.9.1101.20251020-1549\jars\maven-shared-utils-3.4.2.jar
2026-08-07 10:08:02,846 [Worker-9: Launching mavenrun-b1b0db6c-f56c-461c-b2ea-770fe2065c1c] INFO  o.eclipse.m2e.core.internal.Bundles - 	Entry: C:\Users\anujv\Downloads\sts-5.0.1.RELEASE\plugins\org.eclipse.m2e.maven.runtime_3.9.1101.20251020-1549\jars\org.eclipse.sisu.inject-0.9.0.M4.jar
2026-08-07 10:08:02,847 [Worker-9: Launching mavenrun-b1b0db6c-f56c-461c-b2ea-770fe2065c1c] INFO  o.eclipse.m2e.core.internal.Bundles - 	Entry: C:\Users\anujv\Downloads\sts-5.0.1.RELEASE\plugins\org.eclipse.m2e.maven.runtime_3.9.1101.20251020-1549\jars\org.eclipse.sisu.plexus-0.9.0.M4.jar
2026-08-07 10:08:02,847 [Worker-9: Launching mavenrun-b1b0db6c-f56c-461c-b2ea-770fe2065c1c] INFO  o.eclipse.m2e.core.internal.Bundles - 	Entry: C:\Users\anujv\Downloads\sts-5.0.1.RELEASE\plugins\org.eclipse.m2e.maven.runtime_3.9.1101.20251020-1549\jars\plexus-build-api-0.0.7.jar
2026-08-07 10:08:02,847 [Worker-9: Launching mavenrun-b1b0db6c-f56c-461c-b2ea-770fe2065c1c] INFO  o.eclipse.m2e.core.internal.Bundles - 	Entry: C:\Users\anujv\Downloads\sts-5.0.1.RELEASE\plugins\org.eclipse.m2e.maven.runtime_3.9.1101.20251020-1549\jars\plexus-build-api-1.2.0.jar
2026-08-07 10:08:02,847 [Worker-9: Launching mavenrun-b1b0db6c-f56c-461c-b2ea-770fe2065c1c] INFO  o.eclipse.m2e.core.internal.Bundles - 	Entry: C:\Users\anujv\Downloads\sts-5.0.1.RELEASE\plugins\org.eclipse.m2e.maven.runtime_3.9.1101.20251020-1549\jars\plexus-cipher-2.0.jar
2026-08-07 10:08:02,847 [Worker-9: Launching mavenrun-b1b0db6c-f56c-461c-b2ea-770fe2065c1c] INFO  o.eclipse.m2e.core.internal.Bundles - 	Entry: C:\Users\anujv\Downloads\sts-5.0.1.RELEASE\plugins\org.eclipse.m2e.maven.runtime_3.9.1101.20251020-1549\jars\plexus-classworlds-2.9.0.jar
2026-08-07 10:08:02,848 [Worker-9: Launching mavenrun-b1b0db6c-f56c-461c-b2ea-770fe2065c1c] INFO  o.eclipse.m2e.core.internal.Bundles - 	Entry: C:\Users\anujv\Downloads\sts-5.0.1.RELEASE\plugins\org.eclipse.m2e.maven.runtime_3.9.1101.20251020-1549\jars\plexus-component-annotations-2.2.0.jar
2026-08-07 10:08:02,848 [Worker-9: Launching mavenrun-b1b0db6c-f56c-461c-b2ea-770fe2065c1c] INFO  o.eclipse.m2e.core.internal.Bundles - 	Entry: C:\Users\anujv\Downloads\sts-5.0.1.RELEASE\plugins\org.eclipse.m2e.maven.runtime_3.9.1101.20251020-1549\jars\plexus-interpolation-1.28.jar
2026-08-07 10:08:02,848 [Worker-9: Launching mavenrun-b1b0db6c-f56c-461c-b2ea-770fe2065c1c] INFO  o.eclipse.m2e.core.internal.Bundles - 	Entry: C:\Users\anujv\Downloads\sts-5.0.1.RELEASE\plugins\org.eclipse.m2e.maven.runtime_3.9.1101.20251020-1549\jars\plexus-sec-dispatcher-2.0.jar
2026-08-07 10:08:02,848 [Worker-9: Launching mavenrun-b1b0db6c-f56c-461c-b2ea-770fe2065c1c] INFO  o.eclipse.m2e.core.internal.Bundles - 	Entry: C:\Users\anujv\Downloads\sts-5.0.1.RELEASE\plugins\org.eclipse.m2e.maven.runtime_3.9.1101.20251020-1549\jars\plexus-utils-3.6.0.jar
2026-08-07 10:08:02,849 [Worker-9: Launching mavenrun-b1b0db6c-f56c-461c-b2ea-770fe2065c1c] INFO  o.eclipse.m2e.core.internal.Bundles - 	Entry: C:\Users\anujv\Downloads\sts-5.0.1.RELEASE\plugins\org.eclipse.m2e.maven.runtime_3.9.1101.20251020-1549\jars\wagon-file-3.5.3.jar
2026-08-07 10:08:02,849 [Worker-9: Launching mavenrun-b1b0db6c-f56c-461c-b2ea-770fe2065c1c] INFO  o.eclipse.m2e.core.internal.Bundles - 	Entry: C:\Users\anujv\Downloads\sts-5.0.1.RELEASE\plugins\org.eclipse.m2e.maven.runtime_3.9.1101.20251020-1549\jars\wagon-http-3.5.3.jar
2026-08-07 10:08:02,849 [Worker-9: Launching mavenrun-b1b0db6c-f56c-461c-b2ea-770fe2065c1c] INFO  o.eclipse.m2e.core.internal.Bundles - 	Entry: C:\Users\anujv\Downloads\sts-5.0.1.RELEASE\plugins\org.eclipse.m2e.maven.runtime_3.9.1101.20251020-1549\jars\wagon-http-shared-3.5.3.jar
2026-08-07 10:08:02,849 [Worker-9: Launching mavenrun-b1b0db6c-f56c-461c-b2ea-770fe2065c1c] INFO  o.eclipse.m2e.core.internal.Bundles - 	Entry: C:\Users\anujv\Downloads\sts-5.0.1.RELEASE\plugins\org.eclipse.m2e.maven.runtime_3.9.1101.20251020-1549\jars\wagon-provider-api-3.5.3.jar
2026-08-07 10:08:02,851 [Worker-9: Launching mavenrun-b1b0db6c-f56c-461c-b2ea-770fe2065c1c] INFO  o.eclipse.m2e.core.internal.Bundles - getClasspathEntries(Bundle=com.google.guava_33.5.0.jre [31])
2026-08-07 10:08:02,852 [Worker-9: Launching mavenrun-b1b0db6c-f56c-461c-b2ea-770fe2065c1c] INFO  o.eclipse.m2e.core.internal.Bundles - 	Entry: C:\Users\anujv\Downloads\sts-5.0.1.RELEASE\plugins\com.google.guava_33.5.0.jre.jar
2026-08-07 10:08:02,852 [Worker-9: Launching mavenrun-b1b0db6c-f56c-461c-b2ea-770fe2065c1c] INFO  o.eclipse.m2e.core.internal.Bundles - getClasspathEntries(Bundle=slf4j.api_2.0.17 [620])
2026-08-07 10:08:02,852 [Worker-9: Launching mavenrun-b1b0db6c-f56c-461c-b2ea-770fe2065c1c] INFO  o.eclipse.m2e.core.internal.Bundles - 	Entry: C:\Users\anujv\Downloads\sts-5.0.1.RELEASE\plugins\slf4j.api_2.0.17.jar
2026-08-07 10:08:02,853 [Worker-9: Launching mavenrun-b1b0db6c-f56c-461c-b2ea-770fe2065c1c] INFO  o.eclipse.m2e.core.internal.Bundles - getClasspathEntries(Bundle=jakarta.inject.jakarta.inject-api_1.0.5 [46])
2026-08-07 10:08:02,853 [Worker-9: Launching mavenrun-b1b0db6c-f56c-461c-b2ea-770fe2065c1c] INFO  o.eclipse.m2e.core.internal.Bundles - 	Entry: C:\Users\anujv\Downloads\sts-5.0.1.RELEASE\plugins\jakarta.inject.jakarta.inject-api_1.0.5.jar
2026-08-07 10:08:02,853 [Worker-9: Launching mavenrun-b1b0db6c-f56c-461c-b2ea-770fe2065c1c] INFO  o.eclipse.m2e.core.internal.Bundles - getClasspathEntries(Bundle=jakarta.annotation-api_1.3.5 [43])
2026-08-07 10:08:02,853 [Worker-9: Launching mavenrun-b1b0db6c-f56c-461c-b2ea-770fe2065c1c] INFO  o.eclipse.m2e.core.internal.Bundles - 	Entry: C:\Users\anujv\Downloads\sts-5.0.1.RELEASE\plugins\jakarta.annotation-api_1.3.5.jar
2026-08-07 10:08:02,853 [Worker-9: Launching mavenrun-b1b0db6c-f56c-461c-b2ea-770fe2065c1c] INFO  o.eclipse.m2e.core.internal.Bundles - getClasspathEntries(Bundle=org.apache.commons.cli_1.11.0 [85])
2026-08-07 10:08:02,854 [Worker-9: Launching mavenrun-b1b0db6c-f56c-461c-b2ea-770fe2065c1c] INFO  o.eclipse.m2e.core.internal.Bundles - 	Entry: C:\Users\anujv\Downloads\sts-5.0.1.RELEASE\plugins\org.apache.commons.cli_1.11.0.jar
2026-08-07 10:08:02,854 [Worker-9: Launching mavenrun-b1b0db6c-f56c-461c-b2ea-770fe2065c1c] INFO  o.eclipse.m2e.core.internal.Bundles - getClasspathEntries(Bundle=org.apache.commons.commons-codec_1.20.0 [87])
2026-08-07 10:08:02,854 [Worker-9: Launching mavenrun-b1b0db6c-f56c-461c-b2ea-770fe2065c1c] INFO  o.eclipse.m2e.core.internal.Bundles - 	Entry: C:\Users\anujv\Downloads\sts-5.0.1.RELEASE\plugins\org.apache.commons.commons-codec_1.20.0.jar
2026-08-07 10:08:02,854 [Worker-9: Launching mavenrun-b1b0db6c-f56c-461c-b2ea-770fe2065c1c] INFO  o.eclipse.m2e.core.internal.Bundles - getClasspathEntries(Bundle=com.google.guava.failureaccess_1.0.3 [32])
2026-08-07 10:08:02,854 [Worker-9: Launching mavenrun-b1b0db6c-f56c-461c-b2ea-770fe2065c1c] INFO  o.eclipse.m2e.core.internal.Bundles - 	Entry: C:\Users\anujv\Downloads\sts-5.0.1.RELEASE\plugins\com.google.guava.failureaccess_1.0.3.jar
2026-08-07 10:08:02,866 [Worker-9: Launching mavenrun-b1b0db6c-f56c-461c-b2ea-770fe2065c1c] INFO  o.e.m.i.launch.MavenLaunchDelegate - Run build in "C:\Users\anujv\AppData\Local\Temp\m2e-archetypeGenerator11930561779089266341":
2026-08-07 10:08:02,874 [Worker-9: Launching mavenrun-b1b0db6c-f56c-461c-b2ea-770fe2065c1c] INFO  o.e.m.i.launch.MavenLaunchDelegate -  mvn  -DjavaCompilerVersion=17 -DjunitVersion=5.11.0 -DarchetypeGroupId=org.apache.maven.archetypes -DarchetypeArtifactId=maven-archetype-quickstart -DarchetypeVersion=1.5 -DgroupId=com.studentmanagement -DartifactId=StudentManagement -Dversion=0.0.1-SNAPSHOT -Dpackage=com.studentmanagement.StudentManagement -DoutputDirectory=C:\Users\anujv\Desktop\Configuration -Dstyle.color=always -U archetype:generate
2026-08-07 10:08:13,485 [Worker-5: Creating maven-archetype-quickstart] INFO  o.e.m.c.i.p.ProjectConfigurationManager - Collecting project info '/pom.xml' C:\Users\anujv\Desktop\Configuration\StudentManagement\pom.xml
2026-08-07 10:08:14,714 [Worker-5: Creating maven-archetype-quickstart] INFO  o.e.m.c.i.l.LifecycleMappingFactory - Using org.eclipse.m2e.jdt.JarLifecycleMapping lifecycle mapping for MavenProject: com.studentmanagement:StudentManagement:0.0.1-SNAPSHOT @ C:\Users\anujv\Desktop\Configuration\StudentManagement\pom.xml.
2026-08-07 10:08:16,032 [Worker-5: Creating maven-archetype-quickstart] INFO  o.e.m.j.i.AbstractJavaProjectConfigurator - Adding source folder /StudentManagement/src/main/java
2026-08-07 10:08:16,036 [Worker-5: Creating maven-archetype-quickstart] INFO  o.e.m.j.i.AbstractJavaProjectConfigurator - Adding resource folder /StudentManagement/src/main/resources
2026-08-07 10:08:16,045 [Worker-5: Creating maven-archetype-quickstart] INFO  o.e.m.j.i.AbstractJavaProjectConfigurator - Adding source folder /StudentManagement/src/test/java
2026-08-07 10:08:16,050 [Worker-5: Creating maven-archetype-quickstart] INFO  o.e.m.j.i.AbstractJavaProjectConfigurator - Adding resource folder /StudentManagement/src/test/resources
2026-08-07 10:08:16,899 [Worker-5: Creating maven-archetype-quickstart] WARN  o.apache.maven.project.MavenProject - Direct modification of compileSourceRoots through clear() is deprecated and will not work in Maven 4.0.0. Please use the add/remove methods instead. If you're using a plugin that causes this warning, please upgrade to the latest version and report an issue if the warning persists. To disable these warnings, set -Dmaven.project.sourceRoots.warningsDisabled=true on the command line, in the .mvn/maven.config file, or in project POM properties.
2026-08-07 10:08:16,900 [Worker-5: Creating maven-archetype-quickstart] WARN  o.apache.maven.project.MavenProject - Direct modification of compileSourceRoots through add() is deprecated and will not work in Maven 4.0.0. Please use the add/remove methods instead. If you're using a plugin that causes this warning, please upgrade to the latest version and report an issue if the warning persists. To disable these warnings, set -Dmaven.project.sourceRoots.warningsDisabled=true on the command line, in the .mvn/maven.config file, or in project POM properties.
2026-08-07 10:08:16,902 [Worker-5: Creating maven-archetype-quickstart] WARN  o.apache.maven.project.MavenProject - Direct modification of testCompileSourceRoots through clear() is deprecated and will not work in Maven 4.0.0. Please use the add/remove methods instead. If you're using a plugin that causes this warning, please upgrade to the latest version and report an issue if the warning persists. To disable these warnings, set -Dmaven.project.sourceRoots.warningsDisabled=true on the command line, in the .mvn/maven.config file, or in project POM properties.
2026-08-07 10:08:16,903 [Worker-5: Creating maven-archetype-quickstart] WARN  o.apache.maven.project.MavenProject - Direct modification of testCompileSourceRoots through add() is deprecated and will not work in Maven 4.0.0. Please use the add/remove methods instead. If you're using a plugin that causes this warning, please upgrade to the latest version and report an issue if the warning persists. To disable these warnings, set -Dmaven.project.sourceRoots.warningsDisabled=true on the command line, in the .mvn/maven.config file, or in project POM properties.
2026-08-07 10:08:16,929 [Worker-5: Creating maven-archetype-quickstart] INFO  o.e.m.c.i.p.ProjectConfigurationManager - Imported and configured 1 project(s) in 3 sec
2026-08-07 10:08:19,556 [Worker-7: Building] INFO  o.a.m.s.f.DefaultMavenResourcesFiltering - skip non existing resourceDirectory C:\Users\anujv\Desktop\Configuration\StudentManagement\src\main\resources
2026-08-07 10:08:19,578 [Worker-7: Building] INFO  o.a.m.s.f.DefaultMavenResourcesFiltering - skip non existing resourceDirectory C:\Users\anujv\Desktop\Configuration\StudentManagement\src\test\resources
2026-08-07 10:08:20,247 [Worker-7: Building] WARN  o.apache.maven.project.MavenProject - Direct modification of compileSourceRoots through clear() is deprecated and will not work in Maven 4.0.0. Please use the add/remove methods instead. If you're using a plugin that causes this warning, please upgrade to the latest version and report an issue if the warning persists. To disable these warnings, set -Dmaven.project.sourceRoots.warningsDisabled=true on the command line, in the .mvn/maven.config file, or in project POM properties.
2026-08-07 10:08:20,250 [Worker-7: Building] WARN  o.apache.maven.project.MavenProject - Direct modification of compileSourceRoots through add() is deprecated and will not work in Maven 4.0.0. Please use the add/remove methods instead. If you're using a plugin that causes this warning, please upgrade to the latest version and report an issue if the warning persists. To disable these warnings, set -Dmaven.project.sourceRoots.warningsDisabled=true on the command line, in the .mvn/maven.config file, or in project POM properties.
2026-08-07 10:08:20,252 [Worker-7: Building] WARN  o.apache.maven.project.MavenProject - Direct modification of testCompileSourceRoots through clear() is deprecated and will not work in Maven 4.0.0. Please use the add/remove methods instead. If you're using a plugin that causes this warning, please upgrade to the latest version and report an issue if the warning persists. To disable these warnings, set -Dmaven.project.sourceRoots.warningsDisabled=true on the command line, in the .mvn/maven.config file, or in project POM properties.
2026-08-07 10:08:20,254 [Worker-7: Building] WARN  o.apache.maven.project.MavenProject - Direct modification of testCompileSourceRoots through add() is deprecated and will not work in Maven 4.0.0. Please use the add/remove methods instead. If you're using a plugin that causes this warning, please upgrade to the latest version and report an issue if the warning persists. To disable these warnings, set -Dmaven.project.sourceRoots.warningsDisabled=true on the command line, in the .mvn/maven.config file, or in project POM properties.
2026-08-07 10:09:36,254 [Worker-1: Loading available Gradle versions] INFO  o.e.b.c.i.u.g.PublishedGradleVersions - Gradle version information cache is up-to-date. Trying to read.
2026-08-07 10:11:07,809 [Worker-7: Launching mavenrun-5d8d988c-dcf0-427d-b370-d81db2d67cfa] INFO  o.eclipse.m2e.core.internal.Bundles - getClasspathEntries(Bundle=org.eclipse.m2e.maven.runtime_3.9.1101.20251020-1549 [372])
2026-08-07 10:11:07,814 [Worker-7: Launching mavenrun-5d8d988c-dcf0-427d-b370-d81db2d67cfa] INFO  o.eclipse.m2e.core.internal.Bundles - 	Entry: C:\Users\anujv\Downloads\sts-5.0.1.RELEASE\plugins\org.eclipse.m2e.maven.runtime_3.9.1101.20251020-1549
2026-08-07 10:11:07,814 [Worker-7: Launching mavenrun-5d8d988c-dcf0-427d-b370-d81db2d67cfa] INFO  o.eclipse.m2e.core.internal.Bundles - 	Entry: C:\Users\anujv\Downloads\sts-5.0.1.RELEASE\plugins\org.eclipse.m2e.maven.runtime_3.9.1101.20251020-1549\jars\aopalliance-1.0.jar
2026-08-07 10:11:07,815 [Worker-7: Launching mavenrun-5d8d988c-dcf0-427d-b370-d81db2d67cfa] INFO  o.eclipse.m2e.core.internal.Bundles - 	Entry: C:\Users\anujv\Downloads\sts-5.0.1.RELEASE\plugins\org.eclipse.m2e.maven.runtime_3.9.1101.20251020-1549\jars\asm-9.8.jar
2026-08-07 10:11:07,815 [Worker-7: Launching mavenrun-5d8d988c-dcf0-427d-b370-d81db2d67cfa] INFO  o.eclipse.m2e.core.internal.Bundles - 	Entry: C:\Users\anujv\Downloads\sts-5.0.1.RELEASE\plugins\org.eclipse.m2e.maven.runtime_3.9.1101.20251020-1549\jars\error_prone_annotations-2.38.0.jar
2026-08-07 10:11:07,815 [Worker-7: Launching mavenrun-5d8d988c-dcf0-427d-b370-d81db2d67cfa] INFO  o.eclipse.m2e.core.internal.Bundles - 	Entry: C:\Users\anujv\Downloads\sts-5.0.1.RELEASE\plugins\org.eclipse.m2e.maven.runtime_3.9.1101.20251020-1549\jars\gson-2.13.1.jar
2026-08-07 10:11:07,815 [Worker-7: Launching mavenrun-5d8d988c-dcf0-427d-b370-d81db2d67cfa] INFO  o.eclipse.m2e.core.internal.Bundles - 	Entry: C:\Users\anujv\Downloads\sts-5.0.1.RELEASE\plugins\org.eclipse.m2e.maven.runtime_3.9.1101.20251020-1549\jars\guice-5.1.0-classes.jar
2026-08-07 10:11:07,815 [Worker-7: Launching mavenrun-5d8d988c-dcf0-427d-b370-d81db2d67cfa] INFO  o.eclipse.m2e.core.internal.Bundles - 	Entry: C:\Users\anujv\Downloads\sts-5.0.1.RELEASE\plugins\org.eclipse.m2e.maven.runtime_3.9.1101.20251020-1549\jars\httpclient-4.5.14.jar
2026-08-07 10:11:07,815 [Worker-7: Launching mavenrun-5d8d988c-dcf0-427d-b370-d81db2d67cfa] INFO  o.eclipse.m2e.core.internal.Bundles - 	Entry: C:\Users\anujv\Downloads\sts-5.0.1.RELEASE\plugins\org.eclipse.m2e.maven.runtime_3.9.1101.20251020-1549\jars\httpcore-4.4.16.jar
2026-08-07 10:11:07,816 [Worker-7: Launching mavenrun-5d8d988c-dcf0-427d-b370-d81db2d67cfa] INFO  o.eclipse.m2e.core.internal.Bundles - 	Entry: C:\Users\anujv\Downloads\sts-5.0.1.RELEASE\plugins\org.eclipse.m2e.maven.runtime_3.9.1101.20251020-1549\jars\jansi-2.4.2.jar
2026-08-07 10:11:07,816 [Worker-7: Launching mavenrun-5d8d988c-dcf0-427d-b370-d81db2d67cfa] INFO  o.eclipse.m2e.core.internal.Bundles - 	Entry: C:\Users\anujv\Downloads\sts-5.0.1.RELEASE\plugins\org.eclipse.m2e.maven.runtime_3.9.1101.20251020-1549\jars\jcl-over-slf4j-1.7.36.jar
2026-08-07 10:11:07,816 [Worker-7: Launching mavenrun-5d8d988c-dcf0-427d-b370-d81db2d67cfa] INFO  o.eclipse.m2e.core.internal.Bundles - 	Entry: C:\Users\anujv\Downloads\sts-5.0.1.RELEASE\plugins\org.eclipse.m2e.maven.runtime_3.9.1101.20251020-1549\jars\maven-artifact-3.9.11.jar
2026-08-07 10:11:07,816 [Worker-7: Launching mavenrun-5d8d988c-dcf0-427d-b370-d81db2d67cfa] INFO  o.eclipse.m2e.core.internal.Bundles - 	Entry: C:\Users\anujv\Downloads\sts-5.0.1.RELEASE\plugins\org.eclipse.m2e.maven.runtime_3.9.1101.20251020-1549\jars\maven-builder-support-3.9.11.jar
2026-08-07 10:11:07,817 [Worker-7: Launching mavenrun-5d8d988c-dcf0-427d-b370-d81db2d67cfa] INFO  o.eclipse.m2e.core.internal.Bundles - 	Entry: C:\Users\anujv\Downloads\sts-5.0.1.RELEASE\plugins\org.eclipse.m2e.maven.runtime_3.9.1101.20251020-1549\jars\maven-compat-3.9.11.jar
2026-08-07 10:11:07,817 [Worker-7: Launching mavenrun-5d8d988c-dcf0-427d-b370-d81db2d67cfa] INFO  o.eclipse.m2e.core.internal.Bundles - 	Entry: C:\Users\anujv\Downloads\sts-5.0.1.RELEASE\plugins\org.eclipse.m2e.maven.runtime_3.9.1101.20251020-1549\jars\maven-core-3.9.11.jar
2026-08-07 10:11:07,817 [Worker-7: Launching mavenrun-5d8d988c-dcf0-427d-b370-d81db2d67cfa] INFO  o.eclipse.m2e.core.internal.Bundles - 	Entry: C:\Users\anujv\Downloads\sts-5.0.1.RELEASE\plugins\org.eclipse.m2e.maven.runtime_3.9.1101.20251020-1549\jars\maven-embedder-3.9.11.jar
2026-08-07 10:11:07,818 [Worker-7: Launching mavenrun-5d8d988c-dcf0-427d-b370-d81db2d67cfa] INFO  o.eclipse.m2e.core.internal.Bundles - 	Entry: C:\Users\anujv\Downloads\sts-5.0.1.RELEASE\plugins\org.eclipse.m2e.maven.runtime_3.9.1101.20251020-1549\jars\maven-model-3.9.11.jar
2026-08-07 10:11:07,818 [Worker-7: Launching mavenrun-5d8d988c-dcf0-427d-b370-d81db2d67cfa] INFO  o.eclipse.m2e.core.internal.Bundles - 	Entry: C:\Users\anujv\Downloads\sts-5.0.1.RELEASE\plugins\org.eclipse.m2e.maven.runtime_3.9.1101.20251020-1549\jars\maven-model-builder-3.9.11.jar
2026-08-07 10:11:07,818 [Worker-7: Launching mavenrun-5d8d988c-dcf0-427d-b370-d81db2d67cfa] INFO  o.eclipse.m2e.core.internal.Bundles - 	Entry: C:\Users\anujv\Downloads\sts-5.0.1.RELEASE\plugins\org.eclipse.m2e.maven.runtime_3.9.1101.20251020-1549\jars\maven-plugin-api-3.9.11.jar
2026-08-07 10:11:07,818 [Worker-7: Launching mavenrun-5d8d988c-dcf0-427d-b370-d81db2d67cfa] INFO  o.eclipse.m2e.core.internal.Bundles - 	Entry: C:\Users\anujv\Downloads\sts-5.0.1.RELEASE\plugins\org.eclipse.m2e.maven.runtime_3.9.1101.20251020-1549\jars\maven-repository-metadata-3.9.11.jar
2026-08-07 10:11:07,819 [Worker-7: Launching mavenrun-5d8d988c-dcf0-427d-b370-d81db2d67cfa] INFO  o.eclipse.m2e.core.internal.Bundles - 	Entry: C:\Users\anujv\Downloads\sts-5.0.1.RELEASE\plugins\org.eclipse.m2e.maven.runtime_3.9.1101.20251020-1549\jars\maven-resolver-api-1.9.24.jar
2026-08-07 10:11:07,819 [Worker-7: Launching mavenrun-5d8d988c-dcf0-427d-b370-d81db2d67cfa] INFO  o.eclipse.m2e.core.internal.Bundles - 	Entry: C:\Users\anujv\Downloads\sts-5.0.1.RELEASE\plugins\org.eclipse.m2e.maven.runtime_3.9.1101.20251020-1549\jars\maven-resolver-connector-basic-1.9.24.jar
2026-08-07 10:11:07,819 [Worker-7: Launching mavenrun-5d8d988c-dcf0-427d-b370-d81db2d67cfa] INFO  o.eclipse.m2e.core.internal.Bundles - 	Entry: C:\Users\anujv\Downloads\sts-5.0.1.RELEASE\plugins\org.eclipse.m2e.maven.runtime_3.9.1101.20251020-1549\jars\maven-resolver-impl-1.9.24.jar
2026-08-07 10:11:07,819 [Worker-7: Launching mavenrun-5d8d988c-dcf0-427d-b370-d81db2d67cfa] INFO  o.eclipse.m2e.core.internal.Bundles - 	Entry: C:\Users\anujv\Downloads\sts-5.0.1.RELEASE\plugins\org.eclipse.m2e.maven.runtime_3.9.1101.20251020-1549\jars\maven-resolver-named-locks-1.9.24.jar
2026-08-07 10:11:07,819 [Worker-7: Launching mavenrun-5d8d988c-dcf0-427d-b370-d81db2d67cfa] INFO  o.eclipse.m2e.core.internal.Bundles - 	Entry: C:\Users\anujv\Downloads\sts-5.0.1.RELEASE\plugins\org.eclipse.m2e.maven.runtime_3.9.1101.20251020-1549\jars\maven-resolver-provider-3.9.11.jar
2026-08-07 10:11:07,819 [Worker-7: Launching mavenrun-5d8d988c-dcf0-427d-b370-d81db2d67cfa] INFO  o.eclipse.m2e.core.internal.Bundles - 	Entry: C:\Users\anujv\Downloads\sts-5.0.1.RELEASE\plugins\org.eclipse.m2e.maven.runtime_3.9.1101.20251020-1549\jars\maven-resolver-spi-1.9.24.jar
2026-08-07 10:11:07,819 [Worker-7: Launching mavenrun-5d8d988c-dcf0-427d-b370-d81db2d67cfa] INFO  o.eclipse.m2e.core.internal.Bundles - 	Entry: C:\Users\anujv\Downloads\sts-5.0.1.RELEASE\plugins\org.eclipse.m2e.maven.runtime_3.9.1101.20251020-1549\jars\maven-resolver-transport-file-1.9.24.jar
2026-08-07 10:11:07,819 [Worker-7: Launching mavenrun-5d8d988c-dcf0-427d-b370-d81db2d67cfa] INFO  o.eclipse.m2e.core.internal.Bundles - 	Entry: C:\Users\anujv\Downloads\sts-5.0.1.RELEASE\plugins\org.eclipse.m2e.maven.runtime_3.9.1101.20251020-1549\jars\maven-resolver-transport-http-1.9.24.jar
2026-08-07 10:11:07,820 [Worker-7: Launching mavenrun-5d8d988c-dcf0-427d-b370-d81db2d67cfa] INFO  o.eclipse.m2e.core.internal.Bundles - 	Entry: C:\Users\anujv\Downloads\sts-5.0.1.RELEASE\plugins\org.eclipse.m2e.maven.runtime_3.9.1101.20251020-1549\jars\maven-resolver-transport-wagon-1.9.24.jar
2026-08-07 10:11:07,820 [Worker-7: Launching mavenrun-5d8d988c-dcf0-427d-b370-d81db2d67cfa] INFO  o.eclipse.m2e.core.internal.Bundles - 	Entry: C:\Users\anujv\Downloads\sts-5.0.1.RELEASE\plugins\org.eclipse.m2e.maven.runtime_3.9.1101.20251020-1549\jars\maven-resolver-util-1.9.24.jar
2026-08-07 10:11:07,820 [Worker-7: Launching mavenrun-5d8d988c-dcf0-427d-b370-d81db2d67cfa] INFO  o.eclipse.m2e.core.internal.Bundles - 	Entry: C:\Users\anujv\Downloads\sts-5.0.1.RELEASE\plugins\org.eclipse.m2e.maven.runtime_3.9.1101.20251020-1549\jars\maven-settings-3.9.11.jar
2026-08-07 10:11:07,820 [Worker-7: Launching mavenrun-5d8d988c-dcf0-427d-b370-d81db2d67cfa] INFO  o.eclipse.m2e.core.internal.Bundles - 	Entry: C:\Users\anujv\Downloads\sts-5.0.1.RELEASE\plugins\org.eclipse.m2e.maven.runtime_3.9.1101.20251020-1549\jars\maven-settings-builder-3.9.11.jar
2026-08-07 10:11:07,820 [Worker-7: Launching mavenrun-5d8d988c-dcf0-427d-b370-d81db2d67cfa] INFO  o.eclipse.m2e.core.internal.Bundles - 	Entry: C:\Users\anujv\Downloads\sts-5.0.1.RELEASE\plugins\org.eclipse.m2e.maven.runtime_3.9.1101.20251020-1549\jars\maven-shared-utils-3.4.2.jar
2026-08-07 10:11:07,820 [Worker-7: Launching mavenrun-5d8d988c-dcf0-427d-b370-d81db2d67cfa] INFO  o.eclipse.m2e.core.internal.Bundles - 	Entry: C:\Users\anujv\Downloads\sts-5.0.1.RELEASE\plugins\org.eclipse.m2e.maven.runtime_3.9.1101.20251020-1549\jars\org.eclipse.sisu.inject-0.9.0.M4.jar
2026-08-07 10:11:07,820 [Worker-7: Launching mavenrun-5d8d988c-dcf0-427d-b370-d81db2d67cfa] INFO  o.eclipse.m2e.core.internal.Bundles - 	Entry: C:\Users\anujv\Downloads\sts-5.0.1.RELEASE\plugins\org.eclipse.m2e.maven.runtime_3.9.1101.20251020-1549\jars\org.eclipse.sisu.plexus-0.9.0.M4.jar
2026-08-07 10:11:07,821 [Worker-7: Launching mavenrun-5d8d988c-dcf0-427d-b370-d81db2d67cfa] INFO  o.eclipse.m2e.core.internal.Bundles - 	Entry: C:\Users\anujv\Downloads\sts-5.0.1.RELEASE\plugins\org.eclipse.m2e.maven.runtime_3.9.1101.20251020-1549\jars\plexus-build-api-0.0.7.jar
2026-08-07 10:11:07,821 [Worker-7: Launching mavenrun-5d8d988c-dcf0-427d-b370-d81db2d67cfa] INFO  o.eclipse.m2e.core.internal.Bundles - 	Entry: C:\Users\anujv\Downloads\sts-5.0.1.RELEASE\plugins\org.eclipse.m2e.maven.runtime_3.9.1101.20251020-1549\jars\plexus-build-api-1.2.0.jar
2026-08-07 10:11:07,821 [Worker-7: Launching mavenrun-5d8d988c-dcf0-427d-b370-d81db2d67cfa] INFO  o.eclipse.m2e.core.internal.Bundles - 	Entry: C:\Users\anujv\Downloads\sts-5.0.1.RELEASE\plugins\org.eclipse.m2e.maven.runtime_3.9.1101.20251020-1549\jars\plexus-cipher-2.0.jar
2026-08-07 10:11:07,821 [Worker-7: Launching mavenrun-5d8d988c-dcf0-427d-b370-d81db2d67cfa] INFO  o.eclipse.m2e.core.internal.Bundles - 	Entry: C:\Users\anujv\Downloads\sts-5.0.1.RELEASE\plugins\org.eclipse.m2e.maven.runtime_3.9.1101.20251020-1549\jars\plexus-classworlds-2.9.0.jar
2026-08-07 10:11:07,822 [Worker-7: Launching mavenrun-5d8d988c-dcf0-427d-b370-d81db2d67cfa] INFO  o.eclipse.m2e.core.internal.Bundles - 	Entry: C:\Users\anujv\Downloads\sts-5.0.1.RELEASE\plugins\org.eclipse.m2e.maven.runtime_3.9.1101.20251020-1549\jars\plexus-component-annotations-2.2.0.jar
2026-08-07 10:11:07,822 [Worker-7: Launching mavenrun-5d8d988c-dcf0-427d-b370-d81db2d67cfa] INFO  o.eclipse.m2e.core.internal.Bundles - 	Entry: C:\Users\anujv\Downloads\sts-5.0.1.RELEASE\plugins\org.eclipse.m2e.maven.runtime_3.9.1101.20251020-1549\jars\plexus-interpolation-1.28.jar
2026-08-07 10:11:07,824 [Worker-7: Launching mavenrun-5d8d988c-dcf0-427d-b370-d81db2d67cfa] INFO  o.eclipse.m2e.core.internal.Bundles - 	Entry: C:\Users\anujv\Downloads\sts-5.0.1.RELEASE\plugins\org.eclipse.m2e.maven.runtime_3.9.1101.20251020-1549\jars\plexus-sec-dispatcher-2.0.jar
2026-08-07 10:11:07,825 [Worker-7: Launching mavenrun-5d8d988c-dcf0-427d-b370-d81db2d67cfa] INFO  o.eclipse.m2e.core.internal.Bundles - 	Entry: C:\Users\anujv\Downloads\sts-5.0.1.RELEASE\plugins\org.eclipse.m2e.maven.runtime_3.9.1101.20251020-1549\jars\plexus-utils-3.6.0.jar
2026-08-07 10:11:07,825 [Worker-7: Launching mavenrun-5d8d988c-dcf0-427d-b370-d81db2d67cfa] INFO  o.eclipse.m2e.core.internal.Bundles - 	Entry: C:\Users\anujv\Downloads\sts-5.0.1.RELEASE\plugins\org.eclipse.m2e.maven.runtime_3.9.1101.20251020-1549\jars\wagon-file-3.5.3.jar
2026-08-07 10:11:07,825 [Worker-7: Launching mavenrun-5d8d988c-dcf0-427d-b370-d81db2d67cfa] INFO  o.eclipse.m2e.core.internal.Bundles - 	Entry: C:\Users\anujv\Downloads\sts-5.0.1.RELEASE\plugins\org.eclipse.m2e.maven.runtime_3.9.1101.20251020-1549\jars\wagon-http-3.5.3.jar
2026-08-07 10:11:07,826 [Worker-7: Launching mavenrun-5d8d988c-dcf0-427d-b370-d81db2d67cfa] INFO  o.eclipse.m2e.core.internal.Bundles - 	Entry: C:\Users\anujv\Downloads\sts-5.0.1.RELEASE\plugins\org.eclipse.m2e.maven.runtime_3.9.1101.20251020-1549\jars\wagon-http-shared-3.5.3.jar
2026-08-07 10:11:07,826 [Worker-7: Launching mavenrun-5d8d988c-dcf0-427d-b370-d81db2d67cfa] INFO  o.eclipse.m2e.core.internal.Bundles - 	Entry: C:\Users\anujv\Downloads\sts-5.0.1.RELEASE\plugins\org.eclipse.m2e.maven.runtime_3.9.1101.20251020-1549\jars\wagon-provider-api-3.5.3.jar
2026-08-07 10:11:07,829 [Worker-7: Launching mavenrun-5d8d988c-dcf0-427d-b370-d81db2d67cfa] INFO  o.eclipse.m2e.core.internal.Bundles - getClasspathEntries(Bundle=com.google.guava_33.5.0.jre [31])
2026-08-07 10:11:07,833 [Worker-7: Launching mavenrun-5d8d988c-dcf0-427d-b370-d81db2d67cfa] INFO  o.eclipse.m2e.core.internal.Bundles - 	Entry: C:\Users\anujv\Downloads\sts-5.0.1.RELEASE\plugins\com.google.guava_33.5.0.jre.jar
2026-08-07 10:11:07,833 [Worker-7: Launching mavenrun-5d8d988c-dcf0-427d-b370-d81db2d67cfa] INFO  o.eclipse.m2e.core.internal.Bundles - getClasspathEntries(Bundle=slf4j.api_2.0.17 [620])
2026-08-07 10:11:07,834 [Worker-7: Launching mavenrun-5d8d988c-dcf0-427d-b370-d81db2d67cfa] INFO  o.eclipse.m2e.core.internal.Bundles - 	Entry: C:\Users\anujv\Downloads\sts-5.0.1.RELEASE\plugins\slf4j.api_2.0.17.jar
2026-08-07 10:11:07,835 [Worker-7: Launching mavenrun-5d8d988c-dcf0-427d-b370-d81db2d67cfa] INFO  o.eclipse.m2e.core.internal.Bundles - getClasspathEntries(Bundle=jakarta.inject.jakarta.inject-api_1.0.5 [46])
2026-08-07 10:11:07,836 [Worker-7: Launching mavenrun-5d8d988c-dcf0-427d-b370-d81db2d67cfa] INFO  o.eclipse.m2e.core.internal.Bundles - 	Entry: C:\Users\anujv\Downloads\sts-5.0.1.RELEASE\plugins\jakarta.inject.jakarta.inject-api_1.0.5.jar
2026-08-07 10:11:07,836 [Worker-7: Launching mavenrun-5d8d988c-dcf0-427d-b370-d81db2d67cfa] INFO  o.eclipse.m2e.core.internal.Bundles - getClasspathEntries(Bundle=jakarta.annotation-api_1.3.5 [43])
2026-08-07 10:11:07,836 [Worker-7: Launching mavenrun-5d8d988c-dcf0-427d-b370-d81db2d67cfa] INFO  o.eclipse.m2e.core.internal.Bundles - 	Entry: C:\Users\anujv\Downloads\sts-5.0.1.RELEASE\plugins\jakarta.annotation-api_1.3.5.jar
2026-08-07 10:11:07,836 [Worker-7: Launching mavenrun-5d8d988c-dcf0-427d-b370-d81db2d67cfa] INFO  o.eclipse.m2e.core.internal.Bundles - getClasspathEntries(Bundle=org.apache.commons.cli_1.11.0 [85])
2026-08-07 10:11:07,836 [Worker-7: Launching mavenrun-5d8d988c-dcf0-427d-b370-d81db2d67cfa] INFO  o.eclipse.m2e.core.internal.Bundles - 	Entry: C:\Users\anujv\Downloads\sts-5.0.1.RELEASE\plugins\org.apache.commons.cli_1.11.0.jar
2026-08-07 10:11:07,836 [Worker-7: Launching mavenrun-5d8d988c-dcf0-427d-b370-d81db2d67cfa] INFO  o.eclipse.m2e.core.internal.Bundles - getClasspathEntries(Bundle=org.apache.commons.commons-codec_1.20.0 [87])
2026-08-07 10:11:07,838 [Worker-7: Launching mavenrun-5d8d988c-dcf0-427d-b370-d81db2d67cfa] INFO  o.eclipse.m2e.core.internal.Bundles - 	Entry: C:\Users\anujv\Downloads\sts-5.0.1.RELEASE\plugins\org.apache.commons.commons-codec_1.20.0.jar
2026-08-07 10:11:07,838 [Worker-7: Launching mavenrun-5d8d988c-dcf0-427d-b370-d81db2d67cfa] INFO  o.eclipse.m2e.core.internal.Bundles - getClasspathEntries(Bundle=com.google.guava.failureaccess_1.0.3 [32])
2026-08-07 10:11:07,838 [Worker-7: Launching mavenrun-5d8d988c-dcf0-427d-b370-d81db2d67cfa] INFO  o.eclipse.m2e.core.internal.Bundles - 	Entry: C:\Users\anujv\Downloads\sts-5.0.1.RELEASE\plugins\com.google.guava.failureaccess_1.0.3.jar
2026-08-07 10:11:07,849 [Worker-7: Launching mavenrun-5d8d988c-dcf0-427d-b370-d81db2d67cfa] INFO  o.e.m.i.launch.MavenLaunchDelegate - Run build in "C:\Users\anujv\AppData\Local\Temp\m2e-archetypeGenerator7273961341372867720":
2026-08-07 10:11:07,852 [Worker-7: Launching mavenrun-5d8d988c-dcf0-427d-b370-d81db2d67cfa] INFO  o.e.m.i.launch.MavenLaunchDelegate -  mvn  -DjavaCompilerVersion=17 -DjunitVersion=5.11.0 -DarchetypeGroupId=org.apache.maven.archetypes -DarchetypeArtifactId=maven-archetype-quickstart -DarchetypeVersion=1.5 -DgroupId=com.studentmanagement -DartifactId=StudentMAnagementXML -Dversion=0.0.1-SNAPSHOT -Dpackage=com.studentmanagement.StudentMAnagementXML -DoutputDirectory=C:\Users\anujv\Desktop\Configuration -Dstyle.color=always -U archetype:generate
2026-08-07 10:11:16,722 [Worker-4: Creating maven-archetype-quickstart] INFO  o.e.m.c.i.p.ProjectConfigurationManager - Collecting project info '/pom.xml' C:\Users\anujv\Desktop\Configuration\StudentMAnagementXML\pom.xml
2026-08-07 10:11:17,501 [Worker-4: Creating maven-archetype-quickstart] INFO  o.e.m.c.i.l.LifecycleMappingFactory - Using org.eclipse.m2e.jdt.JarLifecycleMapping lifecycle mapping for MavenProject: com.studentmanagement:StudentMAnagementXML:0.0.1-SNAPSHOT @ C:\Users\anujv\Desktop\Configuration\StudentMAnagementXML\pom.xml.
2026-08-07 10:11:18,328 [Worker-4: Creating maven-archetype-quickstart] INFO  o.e.m.j.i.AbstractJavaProjectConfigurator - Adding source folder /StudentMAnagementXML/src/main/java
2026-08-07 10:11:18,336 [Worker-4: Creating maven-archetype-quickstart] INFO  o.e.m.j.i.AbstractJavaProjectConfigurator - Adding resource folder /StudentMAnagementXML/src/main/resources
2026-08-07 10:11:18,345 [Worker-4: Creating maven-archetype-quickstart] INFO  o.e.m.j.i.AbstractJavaProjectConfigurator - Adding source folder /StudentMAnagementXML/src/test/java
2026-08-07 10:11:18,347 [Worker-4: Creating maven-archetype-quickstart] INFO  o.e.m.j.i.AbstractJavaProjectConfigurator - Adding resource folder /StudentMAnagementXML/src/test/resources
2026-08-07 10:11:18,503 [Worker-4: Creating maven-archetype-quickstart] WARN  o.apache.maven.project.MavenProject - Direct modification of compileSourceRoots through clear() is deprecated and will not work in Maven 4.0.0. Please use the add/remove methods instead. If you're using a plugin that causes this warning, please upgrade to the latest version and report an issue if the warning persists. To disable these warnings, set -Dmaven.project.sourceRoots.warningsDisabled=true on the command line, in the .mvn/maven.config file, or in project POM properties.
2026-08-07 10:11:18,505 [Worker-4: Creating maven-archetype-quickstart] WARN  o.apache.maven.project.MavenProject - Direct modification of compileSourceRoots through add() is deprecated and will not work in Maven 4.0.0. Please use the add/remove methods instead. If you're using a plugin that causes this warning, please upgrade to the latest version and report an issue if the warning persists. To disable these warnings, set -Dmaven.project.sourceRoots.warningsDisabled=true on the command line, in the .mvn/maven.config file, or in project POM properties.
2026-08-07 10:11:18,505 [Worker-4: Creating maven-archetype-quickstart] WARN  o.apache.maven.project.MavenProject - Direct modification of testCompileSourceRoots through clear() is deprecated and will not work in Maven 4.0.0. Please use the add/remove methods instead. If you're using a plugin that causes this warning, please upgrade to the latest version and report an issue if the warning persists. To disable these warnings, set -Dmaven.project.sourceRoots.warningsDisabled=true on the command line, in the .mvn/maven.config file, or in project POM properties.
2026-08-07 10:11:18,506 [Worker-4: Creating maven-archetype-quickstart] WARN  o.apache.maven.project.MavenProject - Direct modification of testCompileSourceRoots through add() is deprecated and will not work in Maven 4.0.0. Please use the add/remove methods instead. If you're using a plugin that causes this warning, please upgrade to the latest version and report an issue if the warning persists. To disable these warnings, set -Dmaven.project.sourceRoots.warningsDisabled=true on the command line, in the .mvn/maven.config file, or in project POM properties.
2026-08-07 10:11:18,517 [Worker-4: Creating maven-archetype-quickstart] INFO  o.e.m.c.i.p.ProjectConfigurationManager - Imported and configured 1 project(s) in 1 sec
2026-08-07 10:11:19,416 [Worker-7: Building] INFO  o.a.m.s.f.DefaultMavenResourcesFiltering - skip non existing resourceDirectory C:\Users\anujv\Desktop\Configuration\StudentMAnagementXML\src\main\resources
2026-08-07 10:11:19,421 [Worker-7: Building] INFO  o.a.m.s.f.DefaultMavenResourcesFiltering - skip non existing resourceDirectory C:\Users\anujv\Desktop\Configuration\StudentMAnagementXML\src\test\resources
2026-08-07 10:11:19,761 [Worker-7: Building] WARN  o.apache.maven.project.MavenProject - Direct modification of compileSourceRoots through clear() is deprecated and will not work in Maven 4.0.0. Please use the add/remove methods instead. If you're using a plugin that causes this warning, please upgrade to the latest version and report an issue if the warning persists. To disable these warnings, set -Dmaven.project.sourceRoots.warningsDisabled=true on the command line, in the .mvn/maven.config file, or in project POM properties.
2026-08-07 10:11:19,762 [Worker-7: Building] WARN  o.apache.maven.project.MavenProject - Direct modification of compileSourceRoots through add() is deprecated and will not work in Maven 4.0.0. Please use the add/remove methods instead. If you're using a plugin that causes this warning, please upgrade to the latest version and report an issue if the warning persists. To disable these warnings, set -Dmaven.project.sourceRoots.warningsDisabled=true on the command line, in the .mvn/maven.config file, or in project POM properties.
2026-08-07 10:11:19,764 [Worker-7: Building] WARN  o.apache.maven.project.MavenProject - Direct modification of testCompileSourceRoots through clear() is deprecated and will not work in Maven 4.0.0. Please use the add/remove methods instead. If you're using a plugin that causes this warning, please upgrade to the latest version and report an issue if the warning persists. To disable these warnings, set -Dmaven.project.sourceRoots.warningsDisabled=true on the command line, in the .mvn/maven.config file, or in project POM properties.
2026-08-07 10:11:19,765 [Worker-7: Building] WARN  o.apache.maven.project.MavenProject - Direct modification of testCompileSourceRoots through add() is deprecated and will not work in Maven 4.0.0. Please use the add/remove methods instead. If you're using a plugin that causes this warning, please upgrade to the latest version and report an issue if the warning persists. To disable these warnings, set -Dmaven.project.sourceRoots.warningsDisabled=true on the command line, in the .mvn/maven.config file, or in project POM properties.
2026-08-07 10:12:10,456 [Worker-5: Building] INFO  o.a.m.s.f.DefaultMavenResourcesFiltering - skip non existing resourceDirectory C:\Users\anujv\Desktop\Configuration\StudentMAnagementXML\src\main\resources
2026-08-07 10:12:10,463 [Worker-5: Building] INFO  o.a.m.s.f.DefaultMavenResourcesFiltering - skip non existing resourceDirectory C:\Users\anujv\Desktop\Configuration\StudentMAnagementXML\src\test\resources
2026-08-07 10:12:10,465 [Worker-5: Building] WARN  o.apache.maven.project.MavenProject - Direct modification of compileSourceRoots through clear() is deprecated and will not work in Maven 4.0.0. Please use the add/remove methods instead. If you're using a plugin that causes this warning, please upgrade to the latest version and report an issue if the warning persists. To disable these warnings, set -Dmaven.project.sourceRoots.warningsDisabled=true on the command line, in the .mvn/maven.config file, or in project POM properties.
2026-08-07 10:12:10,467 [Worker-5: Building] WARN  o.apache.maven.project.MavenProject - Direct modification of compileSourceRoots through add() is deprecated and will not work in Maven 4.0.0. Please use the add/remove methods instead. If you're using a plugin that causes this warning, please upgrade to the latest version and report an issue if the warning persists. To disable these warnings, set -Dmaven.project.sourceRoots.warningsDisabled=true on the command line, in the .mvn/maven.config file, or in project POM properties.
2026-08-07 10:12:10,469 [Worker-5: Building] WARN  o.apache.maven.project.MavenProject - Direct modification of testCompileSourceRoots through clear() is deprecated and will not work in Maven 4.0.0. Please use the add/remove methods instead. If you're using a plugin that causes this warning, please upgrade to the latest version and report an issue if the warning persists. To disable these warnings, set -Dmaven.project.sourceRoots.warningsDisabled=true on the command line, in the .mvn/maven.config file, or in project POM properties.
2026-08-07 10:12:10,473 [Worker-5: Building] WARN  o.apache.maven.project.MavenProject - Direct modification of testCompileSourceRoots through add() is deprecated and will not work in Maven 4.0.0. Please use the add/remove methods instead. If you're using a plugin that causes this warning, please upgrade to the latest version and report an issue if the warning persists. To disable these warnings, set -Dmaven.project.sourceRoots.warningsDisabled=true on the command line, in the .mvn/maven.config file, or in project POM properties.
2026-08-07 10:12:22,395 [Worker-7: Building] INFO  o.a.m.s.f.DefaultMavenResourcesFiltering - skip non existing resourceDirectory C:\Users\anujv\Desktop\Configuration\StudentMAnagementXML\src\main\resources
2026-08-07 10:12:22,405 [Worker-7: Building] INFO  o.a.m.s.f.DefaultMavenResourcesFiltering - skip non existing resourceDirectory C:\Users\anujv\Desktop\Configuration\StudentMAnagementXML\src\test\resources
2026-08-07 10:12:22,407 [Worker-7: Building] WARN  o.apache.maven.project.MavenProject - Direct modification of compileSourceRoots through clear() is deprecated and will not work in Maven 4.0.0. Please use the add/remove methods instead. If you're using a plugin that causes this warning, please upgrade to the latest version and report an issue if the warning persists. To disable these warnings, set -Dmaven.project.sourceRoots.warningsDisabled=true on the command line, in the .mvn/maven.config file, or in project POM properties.
2026-08-07 10:12:22,412 [Worker-7: Building] WARN  o.apache.maven.project.MavenProject - Direct modification of compileSourceRoots through add() is deprecated and will not work in Maven 4.0.0. Please use the add/remove methods instead. If you're using a plugin that causes this warning, please upgrade to the latest version and report an issue if the warning persists. To disable these warnings, set -Dmaven.project.sourceRoots.warningsDisabled=true on the command line, in the .mvn/maven.config file, or in project POM properties.
2026-08-07 10:12:22,415 [Worker-7: Building] WARN  o.apache.maven.project.MavenProject - Direct modification of testCompileSourceRoots through clear() is deprecated and will not work in Maven 4.0.0. Please use the add/remove methods instead. If you're using a plugin that causes this warning, please upgrade to the latest version and report an issue if the warning persists. To disable these warnings, set -Dmaven.project.sourceRoots.warningsDisabled=true on the command line, in the .mvn/maven.config file, or in project POM properties.
2026-08-07 10:12:22,418 [Worker-7: Building] WARN  o.apache.maven.project.MavenProject - Direct modification of testCompileSourceRoots through add() is deprecated and will not work in Maven 4.0.0. Please use the add/remove methods instead. If you're using a plugin that causes this warning, please upgrade to the latest version and report an issue if the warning persists. To disable these warnings, set -Dmaven.project.sourceRoots.warningsDisabled=true on the command line, in the .mvn/maven.config file, or in project POM properties.
2026-08-07 10:12:50,844 [Worker-3: Building] INFO  o.a.m.s.f.DefaultMavenResourcesFiltering - skip non existing resourceDirectory C:\Users\anujv\Desktop\Configuration\StudentMAnagementXML\src\main\resources
2026-08-07 10:12:50,848 [Worker-3: Building] INFO  o.a.m.s.f.DefaultMavenResourcesFiltering - skip non existing resourceDirectory C:\Users\anujv\Desktop\Configuration\StudentMAnagementXML\src\test\resources
2026-08-07 10:12:50,850 [Worker-3: Building] WARN  o.apache.maven.project.MavenProject - Direct modification of compileSourceRoots through clear() is deprecated and will not work in Maven 4.0.0. Please use the add/remove methods instead. If you're using a plugin that causes this warning, please upgrade to the latest version and report an issue if the warning persists. To disable these warnings, set -Dmaven.project.sourceRoots.warningsDisabled=true on the command line, in the .mvn/maven.config file, or in project POM properties.
2026-08-07 10:12:50,851 [Worker-3: Building] WARN  o.apache.maven.project.MavenProject - Direct modification of compileSourceRoots through add() is deprecated and will not work in Maven 4.0.0. Please use the add/remove methods instead. If you're using a plugin that causes this warning, please upgrade to the latest version and report an issue if the warning persists. To disable these warnings, set -Dmaven.project.sourceRoots.warningsDisabled=true on the command line, in the .mvn/maven.config file, or in project POM properties.
2026-08-07 10:12:50,852 [Worker-3: Building] WARN  o.apache.maven.project.MavenProject - Direct modification of testCompileSourceRoots through clear() is deprecated and will not work in Maven 4.0.0. Please use the add/remove methods instead. If you're using a plugin that causes this warning, please upgrade to the latest version and report an issue if the warning persists. To disable these warnings, set -Dmaven.project.sourceRoots.warningsDisabled=true on the command line, in the .mvn/maven.config file, or in project POM properties.
2026-08-07 10:12:50,853 [Worker-3: Building] WARN  o.apache.maven.project.MavenProject - Direct modification of testCompileSourceRoots through add() is deprecated and will not work in Maven 4.0.0. Please use the add/remove methods instead. If you're using a plugin that causes this warning, please upgrade to the latest version and report an issue if the warning persists. To disable these warnings, set -Dmaven.project.sourceRoots.warningsDisabled=true on the command line, in the .mvn/maven.config file, or in project POM properties.
2026-08-07 10:13:21,176 [Worker-1: Building] INFO  o.a.m.s.f.DefaultMavenResourcesFiltering - skip non existing resourceDirectory C:\Users\anujv\Desktop\Configuration\StudentMAnagementXML\src\main\resources
2026-08-07 10:13:21,182 [Worker-1: Building] INFO  o.a.m.s.f.DefaultMavenResourcesFiltering - skip non existing resourceDirectory C:\Users\anujv\Desktop\Configuration\StudentMAnagementXML\src\test\resources
2026-08-07 10:13:21,183 [Worker-1: Building] WARN  o.apache.maven.project.MavenProject - Direct modification of compileSourceRoots through clear() is deprecated and will not work in Maven 4.0.0. Please use the add/remove methods instead. If you're using a plugin that causes this warning, please upgrade to the latest version and report an issue if the warning persists. To disable these warnings, set -Dmaven.project.sourceRoots.warningsDisabled=true on the command line, in the .mvn/maven.config file, or in project POM properties.
2026-08-07 10:13:21,184 [Worker-1: Building] WARN  o.apache.maven.project.MavenProject - Direct modification of compileSourceRoots through add() is deprecated and will not work in Maven 4.0.0. Please use the add/remove methods instead. If you're using a plugin that causes this warning, please upgrade to the latest version and report an issue if the warning persists. To disable these warnings, set -Dmaven.project.sourceRoots.warningsDisabled=true on the command line, in the .mvn/maven.config file, or in project POM properties.
2026-08-07 10:13:21,184 [Worker-1: Building] WARN  o.apache.maven.project.MavenProject - Direct modification of testCompileSourceRoots through clear() is deprecated and will not work in Maven 4.0.0. Please use the add/remove methods instead. If you're using a plugin that causes this warning, please upgrade to the latest version and report an issue if the warning persists. To disable these warnings, set -Dmaven.project.sourceRoots.warningsDisabled=true on the command line, in the .mvn/maven.config file, or in project POM properties.
2026-08-07 10:13:21,186 [Worker-1: Building] WARN  o.apache.maven.project.MavenProject - Direct modification of testCompileSourceRoots through add() is deprecated and will not work in Maven 4.0.0. Please use the add/remove methods instead. If you're using a plugin that causes this warning, please upgrade to the latest version and report an issue if the warning persists. To disable these warnings, set -Dmaven.project.sourceRoots.warningsDisabled=true on the command line, in the .mvn/maven.config file, or in project POM properties.
2026-08-07 10:17:11,232 [Worker-4: Building] INFO  o.a.m.s.f.DefaultMavenResourcesFiltering - Copying 0 resource from src\main\resources to target\classes
2026-08-07 10:17:11,236 [Worker-4: Building] INFO  o.a.m.s.f.DefaultMavenResourcesFiltering - skip non existing resourceDirectory C:\Users\anujv\Desktop\Configuration\StudentMAnagementXML\src\test\resources
2026-08-07 10:17:11,264 [Worker-4: Building] WARN  o.apache.maven.project.MavenProject - Direct modification of compileSourceRoots through clear() is deprecated and will not work in Maven 4.0.0. Please use the add/remove methods instead. If you're using a plugin that causes this warning, please upgrade to the latest version and report an issue if the warning persists. To disable these warnings, set -Dmaven.project.sourceRoots.warningsDisabled=true on the command line, in the .mvn/maven.config file, or in project POM properties.
2026-08-07 10:17:11,266 [Worker-4: Building] WARN  o.apache.maven.project.MavenProject - Direct modification of compileSourceRoots through add() is deprecated and will not work in Maven 4.0.0. Please use the add/remove methods instead. If you're using a plugin that causes this warning, please upgrade to the latest version and report an issue if the warning persists. To disable these warnings, set -Dmaven.project.sourceRoots.warningsDisabled=true on the command line, in the .mvn/maven.config file, or in project POM properties.
2026-08-07 10:17:11,268 [Worker-4: Building] WARN  o.apache.maven.project.MavenProject - Direct modification of testCompileSourceRoots through clear() is deprecated and will not work in Maven 4.0.0. Please use the add/remove methods instead. If you're using a plugin that causes this warning, please upgrade to the latest version and report an issue if the warning persists. To disable these warnings, set -Dmaven.project.sourceRoots.warningsDisabled=true on the command line, in the .mvn/maven.config file, or in project POM properties.
2026-08-07 10:17:11,270 [Worker-4: Building] WARN  o.apache.maven.project.MavenProject - Direct modification of testCompileSourceRoots through add() is deprecated and will not work in Maven 4.0.0. Please use the add/remove methods instead. If you're using a plugin that causes this warning, please upgrade to the latest version and report an issue if the warning persists. To disable these warnings, set -Dmaven.project.sourceRoots.warningsDisabled=true on the command line, in the .mvn/maven.config file, or in project POM properties.
2026-08-07 10:17:54,455 [Worker-4: Building] INFO  o.a.m.s.f.DefaultMavenResourcesFiltering - Copying 1 resource from src\main\resources to target\classes
2026-08-07 10:17:54,483 [Worker-4: Building] INFO  o.a.m.s.f.DefaultMavenResourcesFiltering - skip non existing resourceDirectory C:\Users\anujv\Desktop\Configuration\StudentMAnagementXML\src\test\resources
2026-08-07 10:17:54,485 [Worker-4: Building] WARN  o.apache.maven.project.MavenProject - Direct modification of compileSourceRoots through clear() is deprecated and will not work in Maven 4.0.0. Please use the add/remove methods instead. If you're using a plugin that causes this warning, please upgrade to the latest version and report an issue if the warning persists. To disable these warnings, set -Dmaven.project.sourceRoots.warningsDisabled=true on the command line, in the .mvn/maven.config file, or in project POM properties.
2026-08-07 10:17:54,488 [Worker-4: Building] WARN  o.apache.maven.project.MavenProject - Direct modification of compileSourceRoots through add() is deprecated and will not work in Maven 4.0.0. Please use the add/remove methods instead. If you're using a plugin that causes this warning, please upgrade to the latest version and report an issue if the warning persists. To disable these warnings, set -Dmaven.project.sourceRoots.warningsDisabled=true on the command line, in the .mvn/maven.config file, or in project POM properties.
2026-08-07 10:17:54,490 [Worker-4: Building] WARN  o.apache.maven.project.MavenProject - Direct modification of testCompileSourceRoots through clear() is deprecated and will not work in Maven 4.0.0. Please use the add/remove methods instead. If you're using a plugin that causes this warning, please upgrade to the latest version and report an issue if the warning persists. To disable these warnings, set -Dmaven.project.sourceRoots.warningsDisabled=true on the command line, in the .mvn/maven.config file, or in project POM properties.
2026-08-07 10:17:54,491 [Worker-4: Building] WARN  o.apache.maven.project.MavenProject - Direct modification of testCompileSourceRoots through add() is deprecated and will not work in Maven 4.0.0. Please use the add/remove methods instead. If you're using a plugin that causes this warning, please upgrade to the latest version and report an issue if the warning persists. To disable these warnings, set -Dmaven.project.sourceRoots.warningsDisabled=true on the command line, in the .mvn/maven.config file, or in project POM properties.
2026-08-07 10:19:14,069 [Worker-5: Building] INFO  o.a.m.s.f.DefaultMavenResourcesFiltering - Copying 1 resource from src\main\resources to target\classes
2026-08-07 10:19:14,075 [Worker-5: Building] INFO  o.a.m.s.f.DefaultMavenResourcesFiltering - skip non existing resourceDirectory C:\Users\anujv\Desktop\Configuration\StudentMAnagementXML\src\test\resources
2026-08-07 10:19:14,076 [Worker-5: Building] WARN  o.apache.maven.project.MavenProject - Direct modification of compileSourceRoots through clear() is deprecated and will not work in Maven 4.0.0. Please use the add/remove methods instead. If you're using a plugin that causes this warning, please upgrade to the latest version and report an issue if the warning persists. To disable these warnings, set -Dmaven.project.sourceRoots.warningsDisabled=true on the command line, in the .mvn/maven.config file, or in project POM properties.
2026-08-07 10:19:14,077 [Worker-5: Building] WARN  o.apache.maven.project.MavenProject - Direct modification of compileSourceRoots through add() is deprecated and will not work in Maven 4.0.0. Please use the add/remove methods instead. If you're using a plugin that causes this warning, please upgrade to the latest version and report an issue if the warning persists. To disable these warnings, set -Dmaven.project.sourceRoots.warningsDisabled=true on the command line, in the .mvn/maven.config file, or in project POM properties.
2026-08-07 10:19:14,078 [Worker-5: Building] WARN  o.apache.maven.project.MavenProject - Direct modification of testCompileSourceRoots through clear() is deprecated and will not work in Maven 4.0.0. Please use the add/remove methods instead. If you're using a plugin that causes this warning, please upgrade to the latest version and report an issue if the warning persists. To disable these warnings, set -Dmaven.project.sourceRoots.warningsDisabled=true on the command line, in the .mvn/maven.config file, or in project POM properties.
2026-08-07 10:19:14,080 [Worker-5: Building] WARN  o.apache.maven.project.MavenProject - Direct modification of testCompileSourceRoots through add() is deprecated and will not work in Maven 4.0.0. Please use the add/remove methods instead. If you're using a plugin that causes this warning, please upgrade to the latest version and report an issue if the warning persists. To disable these warnings, set -Dmaven.project.sourceRoots.warningsDisabled=true on the command line, in the .mvn/maven.config file, or in project POM properties.
2026-08-07 10:19:49,826 [Worker-5: Building] INFO  o.a.m.s.f.DefaultMavenResourcesFiltering - Copying 1 resource from src\main\resources to target\classes
2026-08-07 10:19:49,831 [Worker-5: Building] INFO  o.a.m.s.f.DefaultMavenResourcesFiltering - skip non existing resourceDirectory C:\Users\anujv\Desktop\Configuration\StudentMAnagementXML\src\test\resources
2026-08-07 10:19:49,832 [Worker-5: Building] WARN  o.apache.maven.project.MavenProject - Direct modification of compileSourceRoots through clear() is deprecated and will not work in Maven 4.0.0. Please use the add/remove methods instead. If you're using a plugin that causes this warning, please upgrade to the latest version and report an issue if the warning persists. To disable these warnings, set -Dmaven.project.sourceRoots.warningsDisabled=true on the command line, in the .mvn/maven.config file, or in project POM properties.
2026-08-07 10:19:49,834 [Worker-5: Building] WARN  o.apache.maven.project.MavenProject - Direct modification of compileSourceRoots through add() is deprecated and will not work in Maven 4.0.0. Please use the add/remove methods instead. If you're using a plugin that causes this warning, please upgrade to the latest version and report an issue if the warning persists. To disable these warnings, set -Dmaven.project.sourceRoots.warningsDisabled=true on the command line, in the .mvn/maven.config file, or in project POM properties.
2026-08-07 10:19:49,835 [Worker-5: Building] WARN  o.apache.maven.project.MavenProject - Direct modification of testCompileSourceRoots through clear() is deprecated and will not work in Maven 4.0.0. Please use the add/remove methods instead. If you're using a plugin that causes this warning, please upgrade to the latest version and report an issue if the warning persists. To disable these warnings, set -Dmaven.project.sourceRoots.warningsDisabled=true on the command line, in the .mvn/maven.config file, or in project POM properties.
2026-08-07 10:19:49,836 [Worker-5: Building] WARN  o.apache.maven.project.MavenProject - Direct modification of testCompileSourceRoots through add() is deprecated and will not work in Maven 4.0.0. Please use the add/remove methods instead. If you're using a plugin that causes this warning, please upgrade to the latest version and report an issue if the warning persists. To disable these warnings, set -Dmaven.project.sourceRoots.warningsDisabled=true on the command line, in the .mvn/maven.config file, or in project POM properties.
2026-08-07 10:20:09,578 [Worker-5: Updating Maven Project] INFO  o.e.m.c.i.p.ProjectConfigurationManager - Update started
2026-08-07 10:20:10,553 [Worker-5: Updating Maven Project] INFO  o.e.m.c.i.l.LifecycleMappingFactory - Using org.eclipse.m2e.jdt.JarLifecycleMapping lifecycle mapping for MavenProject: com.studentmanagement:StudentMAnagementXML:0.0.1-SNAPSHOT @ C:\Users\anujv\Desktop\Configuration\StudentMAnagementXML\pom.xml.
2026-08-07 10:20:11,062 [Worker-5: Updating Maven Project] INFO  o.e.m.j.i.AbstractJavaProjectConfigurator - Adding source folder /StudentMAnagementXML/src/main/java
2026-08-07 10:20:11,066 [Worker-5: Updating Maven Project] INFO  o.e.m.j.i.AbstractJavaProjectConfigurator - Adding resource folder /StudentMAnagementXML/src/main/resources
2026-08-07 10:20:11,131 [Worker-5: Updating Maven Project] INFO  o.e.m.j.i.AbstractJavaProjectConfigurator - Adding source folder /StudentMAnagementXML/src/test/java
2026-08-07 10:20:11,132 [Worker-5: Updating Maven Project] INFO  o.e.m.j.i.AbstractJavaProjectConfigurator - Adding resource folder /StudentMAnagementXML/src/test/resources
2026-08-07 10:20:11,226 [Worker-5: Updating Maven Project] WARN  o.apache.maven.project.MavenProject - Direct modification of compileSourceRoots through clear() is deprecated and will not work in Maven 4.0.0. Please use the add/remove methods instead. If you're using a plugin that causes this warning, please upgrade to the latest version and report an issue if the warning persists. To disable these warnings, set -Dmaven.project.sourceRoots.warningsDisabled=true on the command line, in the .mvn/maven.config file, or in project POM properties.
2026-08-07 10:20:11,228 [Worker-5: Updating Maven Project] WARN  o.apache.maven.project.MavenProject - Direct modification of compileSourceRoots through add() is deprecated and will not work in Maven 4.0.0. Please use the add/remove methods instead. If you're using a plugin that causes this warning, please upgrade to the latest version and report an issue if the warning persists. To disable these warnings, set -Dmaven.project.sourceRoots.warningsDisabled=true on the command line, in the .mvn/maven.config file, or in project POM properties.
2026-08-07 10:20:11,229 [Worker-5: Updating Maven Project] WARN  o.apache.maven.project.MavenProject - Direct modification of testCompileSourceRoots through clear() is deprecated and will not work in Maven 4.0.0. Please use the add/remove methods instead. If you're using a plugin that causes this warning, please upgrade to the latest version and report an issue if the warning persists. To disable these warnings, set -Dmaven.project.sourceRoots.warningsDisabled=true on the command line, in the .mvn/maven.config file, or in project POM properties.
2026-08-07 10:20:11,230 [Worker-5: Updating Maven Project] WARN  o.apache.maven.project.MavenProject - Direct modification of testCompileSourceRoots through add() is deprecated and will not work in Maven 4.0.0. Please use the add/remove methods instead. If you're using a plugin that causes this warning, please upgrade to the latest version and report an issue if the warning persists. To disable these warnings, set -Dmaven.project.sourceRoots.warningsDisabled=true on the command line, in the .mvn/maven.config file, or in project POM properties.
2026-08-07 10:20:11,342 [Worker-5: Updating Maven Project] INFO  o.e.m.c.i.p.ProjectConfigurationManager - Update completed for 1 poms: local refresh takes 0.00 sec, refresh facades takes 1.00 sec, update config takes 0.00 sec 
2026-08-07 10:20:12,577 [Worker-5: Building] INFO  o.a.m.s.f.DefaultMavenResourcesFiltering - Copying 1 resource from src\main\resources to target\classes
2026-08-07 10:20:12,585 [Worker-5: Building] INFO  o.a.m.s.f.DefaultMavenResourcesFiltering - skip non existing resourceDirectory C:\Users\anujv\Desktop\Configuration\StudentMAnagementXML\src\test\resources
2026-08-07 10:20:12,603 [Worker-5: Building] WARN  o.apache.maven.project.MavenProject - Direct modification of compileSourceRoots through clear() is deprecated and will not work in Maven 4.0.0. Please use the add/remove methods instead. If you're using a plugin that causes this warning, please upgrade to the latest version and report an issue if the warning persists. To disable these warnings, set -Dmaven.project.sourceRoots.warningsDisabled=true on the command line, in the .mvn/maven.config file, or in project POM properties.
2026-08-07 10:20:12,604 [Worker-5: Building] WARN  o.apache.maven.project.MavenProject - Direct modification of compileSourceRoots through add() is deprecated and will not work in Maven 4.0.0. Please use the add/remove methods instead. If you're using a plugin that causes this warning, please upgrade to the latest version and report an issue if the warning persists. To disable these warnings, set -Dmaven.project.sourceRoots.warningsDisabled=true on the command line, in the .mvn/maven.config file, or in project POM properties.
2026-08-07 10:20:12,604 [Worker-5: Building] WARN  o.apache.maven.project.MavenProject - Direct modification of testCompileSourceRoots through clear() is deprecated and will not work in Maven 4.0.0. Please use the add/remove methods instead. If you're using a plugin that causes this warning, please upgrade to the latest version and report an issue if the warning persists. To disable these warnings, set -Dmaven.project.sourceRoots.warningsDisabled=true on the command line, in the .mvn/maven.config file, or in project POM properties.
2026-08-07 10:20:12,605 [Worker-5: Building] WARN  o.apache.maven.project.MavenProject - Direct modification of testCompileSourceRoots through add() is deprecated and will not work in Maven 4.0.0. Please use the add/remove methods instead. If you're using a plugin that causes this warning, please upgrade to the latest version and report an issue if the warning persists. To disable these warnings, set -Dmaven.project.sourceRoots.warningsDisabled=true on the command line, in the .mvn/maven.config file, or in project POM properties.
2026-08-07 10:21:38,800 [Worker-7: Building] INFO  o.a.m.s.f.DefaultMavenResourcesFiltering - Copying 1 resource from src\main\resources to target\classes
2026-08-07 10:21:38,806 [Worker-7: Building] INFO  o.a.m.s.f.DefaultMavenResourcesFiltering - skip non existing resourceDirectory C:\Users\anujv\Desktop\Configuration\StudentMAnagementXML\src\test\resources
2026-08-07 10:21:38,807 [Worker-7: Building] WARN  o.apache.maven.project.MavenProject - Direct modification of compileSourceRoots through clear() is deprecated and will not work in Maven 4.0.0. Please use the add/remove methods instead. If you're using a plugin that causes this warning, please upgrade to the latest version and report an issue if the warning persists. To disable these warnings, set -Dmaven.project.sourceRoots.warningsDisabled=true on the command line, in the .mvn/maven.config file, or in project POM properties.
2026-08-07 10:21:38,808 [Worker-7: Building] WARN  o.apache.maven.project.MavenProject - Direct modification of compileSourceRoots through add() is deprecated and will not work in Maven 4.0.0. Please use the add/remove methods instead. If you're using a plugin that causes this warning, please upgrade to the latest version and report an issue if the warning persists. To disable these warnings, set -Dmaven.project.sourceRoots.warningsDisabled=true on the command line, in the .mvn/maven.config file, or in project POM properties.
2026-08-07 10:21:38,810 [Worker-7: Building] WARN  o.apache.maven.project.MavenProject - Direct modification of testCompileSourceRoots through clear() is deprecated and will not work in Maven 4.0.0. Please use the add/remove methods instead. If you're using a plugin that causes this warning, please upgrade to the latest version and report an issue if the warning persists. To disable these warnings, set -Dmaven.project.sourceRoots.warningsDisabled=true on the command line, in the .mvn/maven.config file, or in project POM properties.
2026-08-07 10:21:38,812 [Worker-7: Building] WARN  o.apache.maven.project.MavenProject - Direct modification of testCompileSourceRoots through add() is deprecated and will not work in Maven 4.0.0. Please use the add/remove methods instead. If you're using a plugin that causes this warning, please upgrade to the latest version and report an issue if the warning persists. To disable these warnings, set -Dmaven.project.sourceRoots.warningsDisabled=true on the command line, in the .mvn/maven.config file, or in project POM properties.
2026-08-07 10:21:42,003 [Worker-10: Building] INFO  o.a.m.s.f.DefaultMavenResourcesFiltering - Copying 1 resource from src\main\resources to target\classes
2026-08-07 10:21:42,009 [Worker-10: Building] INFO  o.a.m.s.f.DefaultMavenResourcesFiltering - skip non existing resourceDirectory C:\Users\anujv\Desktop\Configuration\StudentMAnagementXML\src\test\resources
2026-08-07 10:21:42,034 [Worker-10: Building] WARN  o.apache.maven.project.MavenProject - Direct modification of compileSourceRoots through clear() is deprecated and will not work in Maven 4.0.0. Please use the add/remove methods instead. If you're using a plugin that causes this warning, please upgrade to the latest version and report an issue if the warning persists. To disable these warnings, set -Dmaven.project.sourceRoots.warningsDisabled=true on the command line, in the .mvn/maven.config file, or in project POM properties.
2026-08-07 10:21:42,035 [Worker-10: Building] WARN  o.apache.maven.project.MavenProject - Direct modification of compileSourceRoots through add() is deprecated and will not work in Maven 4.0.0. Please use the add/remove methods instead. If you're using a plugin that causes this warning, please upgrade to the latest version and report an issue if the warning persists. To disable these warnings, set -Dmaven.project.sourceRoots.warningsDisabled=true on the command line, in the .mvn/maven.config file, or in project POM properties.
2026-08-07 10:21:42,036 [Worker-10: Building] WARN  o.apache.maven.project.MavenProject - Direct modification of testCompileSourceRoots through clear() is deprecated and will not work in Maven 4.0.0. Please use the add/remove methods instead. If you're using a plugin that causes this warning, please upgrade to the latest version and report an issue if the warning persists. To disable these warnings, set -Dmaven.project.sourceRoots.warningsDisabled=true on the command line, in the .mvn/maven.config file, or in project POM properties.
2026-08-07 10:21:42,036 [Worker-10: Building] WARN  o.apache.maven.project.MavenProject - Direct modification of testCompileSourceRoots through add() is deprecated and will not work in Maven 4.0.0. Please use the add/remove methods instead. If you're using a plugin that causes this warning, please upgrade to the latest version and report an issue if the warning persists. To disable these warnings, set -Dmaven.project.sourceRoots.warningsDisabled=true on the command line, in the .mvn/maven.config file, or in project POM properties.
2026-08-07 10:21:58,970 [Worker-7: Building] INFO  o.a.m.s.f.DefaultMavenResourcesFiltering - Copying 1 resource from src\main\resources to target\classes
2026-08-07 10:21:58,975 [Worker-7: Building] INFO  o.a.m.s.f.DefaultMavenResourcesFiltering - skip non existing resourceDirectory C:\Users\anujv\Desktop\Configuration\StudentMAnagementXML\src\test\resources
2026-08-07 10:21:58,976 [Worker-7: Building] WARN  o.apache.maven.project.MavenProject - Direct modification of compileSourceRoots through clear() is deprecated and will not work in Maven 4.0.0. Please use the add/remove methods instead. If you're using a plugin that causes this warning, please upgrade to the latest version and report an issue if the warning persists. To disable these warnings, set -Dmaven.project.sourceRoots.warningsDisabled=true on the command line, in the .mvn/maven.config file, or in project POM properties.
2026-08-07 10:21:58,976 [Worker-7: Building] WARN  o.apache.maven.project.MavenProject - Direct modification of compileSourceRoots through add() is deprecated and will not work in Maven 4.0.0. Please use the add/remove methods instead. If you're using a plugin that causes this warning, please upgrade to the latest version and report an issue if the warning persists. To disable these warnings, set -Dmaven.project.sourceRoots.warningsDisabled=true on the command line, in the .mvn/maven.config file, or in project POM properties.
2026-08-07 10:21:58,977 [Worker-7: Building] WARN  o.apache.maven.project.MavenProject - Direct modification of testCompileSourceRoots through clear() is deprecated and will not work in Maven 4.0.0. Please use the add/remove methods instead. If you're using a plugin that causes this warning, please upgrade to the latest version and report an issue if the warning persists. To disable these warnings, set -Dmaven.project.sourceRoots.warningsDisabled=true on the command line, in the .mvn/maven.config file, or in project POM properties.
2026-08-07 10:21:58,977 [Worker-7: Building] WARN  o.apache.maven.project.MavenProject - Direct modification of testCompileSourceRoots through add() is deprecated and will not work in Maven 4.0.0. Please use the add/remove methods instead. If you're using a plugin that causes this warning, please upgrade to the latest version and report an issue if the warning persists. To disable these warnings, set -Dmaven.project.sourceRoots.warningsDisabled=true on the command line, in the .mvn/maven.config file, or in project POM properties.
2026-08-07 10:22:14,838 [Worker-5: Building] INFO  o.a.m.s.f.DefaultMavenResourcesFiltering - Copying 1 resource from src\main\resources to target\classes
2026-08-07 10:22:14,845 [Worker-5: Building] INFO  o.a.m.s.f.DefaultMavenResourcesFiltering - skip non existing resourceDirectory C:\Users\anujv\Desktop\Configuration\StudentMAnagementXML\src\test\resources
2026-08-07 10:22:14,846 [Worker-5: Building] WARN  o.apache.maven.project.MavenProject - Direct modification of compileSourceRoots through clear() is deprecated and will not work in Maven 4.0.0. Please use the add/remove methods instead. If you're using a plugin that causes this warning, please upgrade to the latest version and report an issue if the warning persists. To disable these warnings, set -Dmaven.project.sourceRoots.warningsDisabled=true on the command line, in the .mvn/maven.config file, or in project POM properties.
2026-08-07 10:22:14,849 [Worker-5: Building] WARN  o.apache.maven.project.MavenProject - Direct modification of compileSourceRoots through add() is deprecated and will not work in Maven 4.0.0. Please use the add/remove methods instead. If you're using a plugin that causes this warning, please upgrade to the latest version and report an issue if the warning persists. To disable these warnings, set -Dmaven.project.sourceRoots.warningsDisabled=true on the command line, in the .mvn/maven.config file, or in project POM properties.
2026-08-07 10:22:14,850 [Worker-5: Building] WARN  o.apache.maven.project.MavenProject - Direct modification of testCompileSourceRoots through clear() is deprecated and will not work in Maven 4.0.0. Please use the add/remove methods instead. If you're using a plugin that causes this warning, please upgrade to the latest version and report an issue if the warning persists. To disable these warnings, set -Dmaven.project.sourceRoots.warningsDisabled=true on the command line, in the .mvn/maven.config file, or in project POM properties.
2026-08-07 10:22:14,851 [Worker-5: Building] WARN  o.apache.maven.project.MavenProject - Direct modification of testCompileSourceRoots through add() is deprecated and will not work in Maven 4.0.0. Please use the add/remove methods instead. If you're using a plugin that causes this warning, please upgrade to the latest version and report an issue if the warning persists. To disable these warnings, set -Dmaven.project.sourceRoots.warningsDisabled=true on the command line, in the .mvn/maven.config file, or in project POM properties.
2026-08-07 10:22:33,940 [Worker-5: Building] INFO  o.a.m.s.f.DefaultMavenResourcesFiltering - Copying 1 resource from src\main\resources to target\classes
2026-08-07 10:22:33,945 [Worker-5: Building] INFO  o.a.m.s.f.DefaultMavenResourcesFiltering - skip non existing resourceDirectory C:\Users\anujv\Desktop\Configuration\StudentMAnagementXML\src\test\resources
2026-08-07 10:22:33,945 [Worker-5: Building] WARN  o.apache.maven.project.MavenProject - Direct modification of compileSourceRoots through clear() is deprecated and will not work in Maven 4.0.0. Please use the add/remove methods instead. If you're using a plugin that causes this warning, please upgrade to the latest version and report an issue if the warning persists. To disable these warnings, set -Dmaven.project.sourceRoots.warningsDisabled=true on the command line, in the .mvn/maven.config file, or in project POM properties.
2026-08-07 10:22:33,946 [Worker-5: Building] WARN  o.apache.maven.project.MavenProject - Direct modification of compileSourceRoots through add() is deprecated and will not work in Maven 4.0.0. Please use the add/remove methods instead. If you're using a plugin that causes this warning, please upgrade to the latest version and report an issue if the warning persists. To disable these warnings, set -Dmaven.project.sourceRoots.warningsDisabled=true on the command line, in the .mvn/maven.config file, or in project POM properties.
2026-08-07 10:22:33,947 [Worker-5: Building] WARN  o.apache.maven.project.MavenProject - Direct modification of testCompileSourceRoots through clear() is deprecated and will not work in Maven 4.0.0. Please use the add/remove methods instead. If you're using a plugin that causes this warning, please upgrade to the latest version and report an issue if the warning persists. To disable these warnings, set -Dmaven.project.sourceRoots.warningsDisabled=true on the command line, in the .mvn/maven.config file, or in project POM properties.
2026-08-07 10:22:33,948 [Worker-5: Building] WARN  o.apache.maven.project.MavenProject - Direct modification of testCompileSourceRoots through add() is deprecated and will not work in Maven 4.0.0. Please use the add/remove methods instead. If you're using a plugin that causes this warning, please upgrade to the latest version and report an issue if the warning persists. To disable these warnings, set -Dmaven.project.sourceRoots.warningsDisabled=true on the command line, in the .mvn/maven.config file, or in project POM properties.
2026-08-07 10:22:37,952 [Worker-7: Building] INFO  o.a.m.s.f.DefaultMavenResourcesFiltering - Copying 1 resource from src\main\resources to target\classes
2026-08-07 10:22:37,955 [Worker-7: Building] INFO  o.a.m.s.f.DefaultMavenResourcesFiltering - skip non existing resourceDirectory C:\Users\anujv\Desktop\Configuration\StudentMAnagementXML\src\test\resources
2026-08-07 10:22:37,955 [Worker-7: Building] WARN  o.apache.maven.project.MavenProject - Direct modification of compileSourceRoots through clear() is deprecated and will not work in Maven 4.0.0. Please use the add/remove methods instead. If you're using a plugin that causes this warning, please upgrade to the latest version and report an issue if the warning persists. To disable these warnings, set -Dmaven.project.sourceRoots.warningsDisabled=true on the command line, in the .mvn/maven.config file, or in project POM properties.
2026-08-07 10:22:37,956 [Worker-7: Building] WARN  o.apache.maven.project.MavenProject - Direct modification of compileSourceRoots through add() is deprecated and will not work in Maven 4.0.0. Please use the add/remove methods instead. If you're using a plugin that causes this warning, please upgrade to the latest version and report an issue if the warning persists. To disable these warnings, set -Dmaven.project.sourceRoots.warningsDisabled=true on the command line, in the .mvn/maven.config file, or in project POM properties.
2026-08-07 10:22:37,957 [Worker-7: Building] WARN  o.apache.maven.project.MavenProject - Direct modification of testCompileSourceRoots through clear() is deprecated and will not work in Maven 4.0.0. Please use the add/remove methods instead. If you're using a plugin that causes this warning, please upgrade to the latest version and report an issue if the warning persists. To disable these warnings, set -Dmaven.project.sourceRoots.warningsDisabled=true on the command line, in the .mvn/maven.config file, or in project POM properties.
2026-08-07 10:22:37,957 [Worker-7: Building] WARN  o.apache.maven.project.MavenProject - Direct modification of testCompileSourceRoots through add() is deprecated and will not work in Maven 4.0.0. Please use the add/remove methods instead. If you're using a plugin that causes this warning, please upgrade to the latest version and report an issue if the warning persists. To disable these warnings, set -Dmaven.project.sourceRoots.warningsDisabled=true on the command line, in the .mvn/maven.config file, or in project POM properties.
2026-08-07 10:23:04,529 [Worker-5: Building] INFO  o.a.m.s.f.DefaultMavenResourcesFiltering - Copying 1 resource from src\main\resources to target\classes
2026-08-07 10:23:04,533 [Worker-5: Building] INFO  o.a.m.s.f.DefaultMavenResourcesFiltering - skip non existing resourceDirectory C:\Users\anujv\Desktop\Configuration\StudentMAnagementXML\src\test\resources
2026-08-07 10:23:04,534 [Worker-5: Building] WARN  o.apache.maven.project.MavenProject - Direct modification of compileSourceRoots through clear() is deprecated and will not work in Maven 4.0.0. Please use the add/remove methods instead. If you're using a plugin that causes this warning, please upgrade to the latest version and report an issue if the warning persists. To disable these warnings, set -Dmaven.project.sourceRoots.warningsDisabled=true on the command line, in the .mvn/maven.config file, or in project POM properties.
2026-08-07 10:23:04,535 [Worker-5: Building] WARN  o.apache.maven.project.MavenProject - Direct modification of compileSourceRoots through add() is deprecated and will not work in Maven 4.0.0. Please use the add/remove methods instead. If you're using a plugin that causes this warning, please upgrade to the latest version and report an issue if the warning persists. To disable these warnings, set -Dmaven.project.sourceRoots.warningsDisabled=true on the command line, in the .mvn/maven.config file, or in project POM properties.
2026-08-07 10:23:04,536 [Worker-5: Building] WARN  o.apache.maven.project.MavenProject - Direct modification of testCompileSourceRoots through clear() is deprecated and will not work in Maven 4.0.0. Please use the add/remove methods instead. If you're using a plugin that causes this warning, please upgrade to the latest version and report an issue if the warning persists. To disable these warnings, set -Dmaven.project.sourceRoots.warningsDisabled=true on the command line, in the .mvn/maven.config file, or in project POM properties.
2026-08-07 10:23:04,536 [Worker-5: Building] WARN  o.apache.maven.project.MavenProject - Direct modification of testCompileSourceRoots through add() is deprecated and will not work in Maven 4.0.0. Please use the add/remove methods instead. If you're using a plugin that causes this warning, please upgrade to the latest version and report an issue if the warning persists. To disable these warnings, set -Dmaven.project.sourceRoots.warningsDisabled=true on the command line, in the .mvn/maven.config file, or in project POM properties.
2026-08-07 10:24:36,528 [Worker-10: Building] INFO  o.e.m.c.i.l.LifecycleMappingFactory - Using org.eclipse.m2e.jdt.JarLifecycleMapping lifecycle mapping for MavenProject: com.studentmanagement:StudentMAnagementXML:0.0.1-SNAPSHOT @ C:\Users\anujv\Desktop\Configuration\StudentMAnagementXML\pom.xml.
2026-08-07 10:24:36,766 [Worker-10: Building] INFO  o.e.m.c.i.e.AbstractTransferListenerAdapter - Downloading https://repo.maven.apache.org/maven2/org/springframework/spring-context/6.1.14/spring-context-6.1.14.pom
2026-08-07 10:24:36,810 [Worker-10: Building] INFO  o.e.m.c.i.e.AbstractTransferListenerAdapter - Downloaded https://repo.maven.apache.org/maven2/org/springframework/spring-context/6.1.14/spring-context-6.1.14.pom
2026-08-07 10:24:36,856 [Worker-10: Building] INFO  o.e.m.c.i.e.AbstractTransferListenerAdapter - Downloading https://repo.maven.apache.org/maven2/org/springframework/spring-aop/6.1.14/spring-aop-6.1.14.pom
2026-08-07 10:24:36,887 [Worker-10: Building] INFO  o.e.m.c.i.e.AbstractTransferListenerAdapter - Downloaded https://repo.maven.apache.org/maven2/org/springframework/spring-aop/6.1.14/spring-aop-6.1.14.pom
2026-08-07 10:24:36,934 [Worker-10: Building] INFO  o.e.m.c.i.e.AbstractTransferListenerAdapter - Downloading https://repo.maven.apache.org/maven2/org/springframework/spring-beans/6.1.14/spring-beans-6.1.14.pom
2026-08-07 10:24:36,961 [Worker-10: Building] INFO  o.e.m.c.i.e.AbstractTransferListenerAdapter - Downloaded https://repo.maven.apache.org/maven2/org/springframework/spring-beans/6.1.14/spring-beans-6.1.14.pom
2026-08-07 10:24:37,003 [Worker-10: Building] INFO  o.e.m.c.i.e.AbstractTransferListenerAdapter - Downloading https://repo.maven.apache.org/maven2/org/springframework/spring-core/6.1.14/spring-core-6.1.14.pom
2026-08-07 10:24:37,030 [Worker-10: Building] INFO  o.e.m.c.i.e.AbstractTransferListenerAdapter - Downloaded https://repo.maven.apache.org/maven2/org/springframework/spring-core/6.1.14/spring-core-6.1.14.pom
2026-08-07 10:24:37,081 [Worker-10: Building] INFO  o.e.m.c.i.e.AbstractTransferListenerAdapter - Downloading https://repo.maven.apache.org/maven2/org/springframework/spring-jcl/6.1.14/spring-jcl-6.1.14.pom
2026-08-07 10:24:37,117 [Worker-10: Building] INFO  o.e.m.c.i.e.AbstractTransferListenerAdapter - Downloaded https://repo.maven.apache.org/maven2/org/springframework/spring-jcl/6.1.14/spring-jcl-6.1.14.pom
2026-08-07 10:24:37,166 [Worker-10: Building] INFO  o.e.m.c.i.e.AbstractTransferListenerAdapter - Downloading https://repo.maven.apache.org/maven2/org/springframework/spring-expression/6.1.14/spring-expression-6.1.14.pom
2026-08-07 10:24:37,198 [Worker-10: Building] INFO  o.e.m.c.i.e.AbstractTransferListenerAdapter - Downloaded https://repo.maven.apache.org/maven2/org/springframework/spring-expression/6.1.14/spring-expression-6.1.14.pom
2026-08-07 10:24:37,240 [Worker-10: Building] INFO  o.e.m.c.i.e.AbstractTransferListenerAdapter - Downloading https://repo.maven.apache.org/maven2/io/micrometer/micrometer-observation/1.12.11/micrometer-observation-1.12.11.pom
2026-08-07 10:24:37,273 [Worker-10: Building] INFO  o.e.m.c.i.e.AbstractTransferListenerAdapter - Downloaded https://repo.maven.apache.org/maven2/io/micrometer/micrometer-observation/1.12.11/micrometer-observation-1.12.11.pom
2026-08-07 10:24:37,320 [Worker-10: Building] INFO  o.e.m.c.i.e.AbstractTransferListenerAdapter - Downloading https://repo.maven.apache.org/maven2/io/micrometer/micrometer-commons/1.12.11/micrometer-commons-1.12.11.pom
2026-08-07 10:24:37,352 [Worker-10: Building] INFO  o.e.m.c.i.e.AbstractTransferListenerAdapter - Downloaded https://repo.maven.apache.org/maven2/io/micrometer/micrometer-commons/1.12.11/micrometer-commons-1.12.11.pom
2026-08-07 10:24:37,391 [Worker-10: Building] INFO  o.e.m.c.i.e.AbstractTransferListenerAdapter - Downloading https://repo.maven.apache.org/maven2/org/springframework/spring-context/6.1.14/spring-context-6.1.14.jar
2026-08-07 10:24:37,536 [Worker-10: Building] INFO  o.e.m.c.i.e.AbstractTransferListenerAdapter - Downloaded https://repo.maven.apache.org/maven2/org/springframework/spring-context/6.1.14/spring-context-6.1.14.jar
2026-08-07 10:24:37,574 [BasicRepositoryConnector-repo.maven.apache.org-0-2] INFO  o.e.m.c.i.e.AbstractTransferListenerAdapter - Downloading https://repo.maven.apache.org/maven2/org/springframework/spring-core/6.1.14/spring-core-6.1.14.jar
2026-08-07 10:24:37,654 [BasicRepositoryConnector-repo.maven.apache.org-0-0] INFO  o.e.m.c.i.e.AbstractTransferListenerAdapter - Downloading https://repo.maven.apache.org/maven2/org/springframework/spring-aop/6.1.14/spring-aop-6.1.14.jar
2026-08-07 10:24:37,656 [BasicRepositoryConnector-repo.maven.apache.org-0-3] INFO  o.e.m.c.i.e.AbstractTransferListenerAdapter - Downloading https://repo.maven.apache.org/maven2/org/springframework/spring-jcl/6.1.14/spring-jcl-6.1.14.jar
2026-08-07 10:24:37,660 [BasicRepositoryConnector-repo.maven.apache.org-0-4] INFO  o.e.m.c.i.e.AbstractTransferListenerAdapter - Downloading https://repo.maven.apache.org/maven2/org/springframework/spring-expression/6.1.14/spring-expression-6.1.14.jar
2026-08-07 10:24:37,664 [BasicRepositoryConnector-repo.maven.apache.org-0-1] INFO  o.e.m.c.i.e.AbstractTransferListenerAdapter - Downloading https://repo.maven.apache.org/maven2/org/springframework/spring-beans/6.1.14/spring-beans-6.1.14.jar
2026-08-07 10:24:37,692 [BasicRepositoryConnector-repo.maven.apache.org-0-2] INFO  o.e.m.c.i.e.AbstractTransferListenerAdapter - Downloaded https://repo.maven.apache.org/maven2/org/springframework/spring-core/6.1.14/spring-core-6.1.14.jar
2026-08-07 10:24:37,730 [BasicRepositoryConnector-repo.maven.apache.org-0-2] INFO  o.e.m.c.i.e.AbstractTransferListenerAdapter - Downloading https://repo.maven.apache.org/maven2/io/micrometer/micrometer-observation/1.12.11/micrometer-observation-1.12.11.jar
2026-08-07 10:24:37,748 [BasicRepositoryConnector-repo.maven.apache.org-0-4] INFO  o.e.m.c.i.e.AbstractTransferListenerAdapter - Downloaded https://repo.maven.apache.org/maven2/org/springframework/spring-expression/6.1.14/spring-expression-6.1.14.jar
2026-08-07 10:24:37,770 [BasicRepositoryConnector-repo.maven.apache.org-0-0] INFO  o.e.m.c.i.e.AbstractTransferListenerAdapter - Downloaded https://repo.maven.apache.org/maven2/org/springframework/spring-aop/6.1.14/spring-aop-6.1.14.jar
2026-08-07 10:24:37,782 [BasicRepositoryConnector-repo.maven.apache.org-0-4] INFO  o.e.m.c.i.e.AbstractTransferListenerAdapter - Downloading https://repo.maven.apache.org/maven2/io/micrometer/micrometer-commons/1.12.11/micrometer-commons-1.12.11.jar
2026-08-07 10:24:37,859 [BasicRepositoryConnector-repo.maven.apache.org-0-1] INFO  o.e.m.c.i.e.AbstractTransferListenerAdapter - Downloaded https://repo.maven.apache.org/maven2/org/springframework/spring-beans/6.1.14/spring-beans-6.1.14.jar
2026-08-07 10:24:37,954 [BasicRepositoryConnector-repo.maven.apache.org-0-3] INFO  o.e.m.c.i.e.AbstractTransferListenerAdapter - Downloaded https://repo.maven.apache.org/maven2/org/springframework/spring-jcl/6.1.14/spring-jcl-6.1.14.jar
2026-08-07 10:24:38,100 [BasicRepositoryConnector-repo.maven.apache.org-0-2] INFO  o.e.m.c.i.e.AbstractTransferListenerAdapter - Downloaded https://repo.maven.apache.org/maven2/io/micrometer/micrometer-observation/1.12.11/micrometer-observation-1.12.11.jar
2026-08-07 10:24:38,463 [BasicRepositoryConnector-repo.maven.apache.org-0-4] INFO  o.e.m.c.i.e.AbstractTransferListenerAdapter - Downloaded https://repo.maven.apache.org/maven2/io/micrometer/micrometer-commons/1.12.11/micrometer-commons-1.12.11.jar
2026-08-07 10:24:39,096 [Worker-10: Building] INFO  o.a.m.s.f.DefaultMavenResourcesFiltering - Copying 0 resource from src\main\resources to target\classes
2026-08-07 10:24:39,102 [Worker-10: Building] INFO  o.a.m.s.f.DefaultMavenResourcesFiltering - skip non existing resourceDirectory C:\Users\anujv\Desktop\Configuration\StudentMAnagementXML\src\test\resources
2026-08-07 10:24:39,931 [Worker-7: Download sources and javadoc] INFO  o.e.m.c.i.e.AbstractTransferListenerAdapter - Downloading https://repo.maven.apache.org/maven2/org/springframework/spring-context/6.1.14/spring-context-6.1.14-sources.jar
2026-08-07 10:24:40,067 [Worker-7: Download sources and javadoc] INFO  o.e.m.c.i.e.AbstractTransferListenerAdapter - Downloaded https://repo.maven.apache.org/maven2/org/springframework/spring-context/6.1.14/spring-context-6.1.14-sources.jar
2026-08-07 10:24:40,073 [Worker-7: Download sources and javadoc] INFO  o.e.m.j.internal.DownloadSourcesJob - Downloaded sources for org.springframework:spring-context:6.1.14
2026-08-07 10:24:40,153 [Worker-10: Building] WARN  o.apache.maven.project.MavenProject - Direct modification of compileSourceRoots through clear() is deprecated and will not work in Maven 4.0.0. Please use the add/remove methods instead. If you're using a plugin that causes this warning, please upgrade to the latest version and report an issue if the warning persists. To disable these warnings, set -Dmaven.project.sourceRoots.warningsDisabled=true on the command line, in the .mvn/maven.config file, or in project POM properties.
2026-08-07 10:24:40,154 [Worker-10: Building] WARN  o.apache.maven.project.MavenProject - Direct modification of compileSourceRoots through add() is deprecated and will not work in Maven 4.0.0. Please use the add/remove methods instead. If you're using a plugin that causes this warning, please upgrade to the latest version and report an issue if the warning persists. To disable these warnings, set -Dmaven.project.sourceRoots.warningsDisabled=true on the command line, in the .mvn/maven.config file, or in project POM properties.
2026-08-07 10:24:40,154 [Worker-10: Building] WARN  o.apache.maven.project.MavenProject - Direct modification of testCompileSourceRoots through clear() is deprecated and will not work in Maven 4.0.0. Please use the add/remove methods instead. If you're using a plugin that causes this warning, please upgrade to the latest version and report an issue if the warning persists. To disable these warnings, set -Dmaven.project.sourceRoots.warningsDisabled=true on the command line, in the .mvn/maven.config file, or in project POM properties.
2026-08-07 10:24:40,154 [Worker-10: Building] WARN  o.apache.maven.project.MavenProject - Direct modification of testCompileSourceRoots through add() is deprecated and will not work in Maven 4.0.0. Please use the add/remove methods instead. If you're using a plugin that causes this warning, please upgrade to the latest version and report an issue if the warning persists. To disable these warnings, set -Dmaven.project.sourceRoots.warningsDisabled=true on the command line, in the .mvn/maven.config file, or in project POM properties.
2026-08-07 10:24:40,183 [Worker-11: Updating Maven Project] INFO  o.e.m.c.i.p.ProjectConfigurationManager - Update started
2026-08-07 10:24:40,184 [Worker-7: Download sources and javadoc] INFO  o.e.m.c.i.e.AbstractTransferListenerAdapter - Downloading https://repo.maven.apache.org/maven2/org/springframework/spring-aop/6.1.14/spring-aop-6.1.14-sources.jar
2026-08-07 10:24:40,334 [Worker-11: Updating Maven Project] INFO  o.e.m.c.i.l.LifecycleMappingFactory - Using org.eclipse.m2e.jdt.JarLifecycleMapping lifecycle mapping for MavenProject: com.studentmanagement:StudentMAnagementXML:0.0.1-SNAPSHOT @ C:\Users\anujv\Desktop\Configuration\StudentMAnagementXML\pom.xml.
2026-08-07 10:24:40,340 [Worker-7: Download sources and javadoc] INFO  o.e.m.c.i.e.AbstractTransferListenerAdapter - Downloaded https://repo.maven.apache.org/maven2/org/springframework/spring-aop/6.1.14/spring-aop-6.1.14-sources.jar
2026-08-07 10:24:40,349 [Worker-7: Download sources and javadoc] INFO  o.e.m.j.internal.DownloadSourcesJob - Downloaded sources for org.springframework:spring-aop:6.1.14
2026-08-07 10:24:40,477 [Worker-7: Download sources and javadoc] INFO  o.e.m.c.i.e.AbstractTransferListenerAdapter - Downloading https://repo.maven.apache.org/maven2/org/springframework/spring-beans/6.1.14/spring-beans-6.1.14-sources.jar
2026-08-07 10:24:40,616 [Worker-7: Download sources and javadoc] INFO  o.e.m.c.i.e.AbstractTransferListenerAdapter - Downloaded https://repo.maven.apache.org/maven2/org/springframework/spring-beans/6.1.14/spring-beans-6.1.14-sources.jar
2026-08-07 10:24:40,624 [Worker-7: Download sources and javadoc] INFO  o.e.m.j.internal.DownloadSourcesJob - Downloaded sources for org.springframework:spring-beans:6.1.14
2026-08-07 10:24:40,729 [Worker-7: Download sources and javadoc] INFO  o.e.m.c.i.e.AbstractTransferListenerAdapter - Downloading https://repo.maven.apache.org/maven2/org/springframework/spring-core/6.1.14/spring-core-6.1.14-sources.jar
2026-08-07 10:24:40,884 [Worker-7: Download sources and javadoc] INFO  o.e.m.c.i.e.AbstractTransferListenerAdapter - Downloaded https://repo.maven.apache.org/maven2/org/springframework/spring-core/6.1.14/spring-core-6.1.14-sources.jar
2026-08-07 10:24:40,890 [Worker-7: Download sources and javadoc] INFO  o.e.m.j.internal.DownloadSourcesJob - Downloaded sources for org.springframework:spring-core:6.1.14
2026-08-07 10:24:41,000 [Worker-7: Download sources and javadoc] INFO  o.e.m.c.i.e.AbstractTransferListenerAdapter - Downloading https://repo.maven.apache.org/maven2/org/springframework/spring-jcl/6.1.14/spring-jcl-6.1.14-sources.jar
2026-08-07 10:24:41,241 [Worker-7: Download sources and javadoc] INFO  o.e.m.c.i.e.AbstractTransferListenerAdapter - Downloaded https://repo.maven.apache.org/maven2/org/springframework/spring-jcl/6.1.14/spring-jcl-6.1.14-sources.jar
2026-08-07 10:24:41,250 [Worker-7: Download sources and javadoc] INFO  o.e.m.j.internal.DownloadSourcesJob - Downloaded sources for org.springframework:spring-jcl:6.1.14
2026-08-07 10:24:41,362 [Worker-7: Download sources and javadoc] INFO  o.e.m.c.i.e.AbstractTransferListenerAdapter - Downloading https://repo.maven.apache.org/maven2/org/springframework/spring-expression/6.1.14/spring-expression-6.1.14-sources.jar
2026-08-07 10:24:41,438 [Worker-7: Download sources and javadoc] INFO  o.e.m.c.i.e.AbstractTransferListenerAdapter - Downloaded https://repo.maven.apache.org/maven2/org/springframework/spring-expression/6.1.14/spring-expression-6.1.14-sources.jar
2026-08-07 10:24:41,442 [Worker-7: Download sources and javadoc] INFO  o.e.m.j.internal.DownloadSourcesJob - Downloaded sources for org.springframework:spring-expression:6.1.14
2026-08-07 10:24:41,540 [Worker-7: Download sources and javadoc] INFO  o.e.m.c.i.e.AbstractTransferListenerAdapter - Downloading https://repo.maven.apache.org/maven2/io/micrometer/micrometer-observation/1.12.11/micrometer-observation-1.12.11-sources.jar
2026-08-07 10:24:41,571 [Worker-7: Download sources and javadoc] INFO  o.e.m.c.i.e.AbstractTransferListenerAdapter - Downloaded https://repo.maven.apache.org/maven2/io/micrometer/micrometer-observation/1.12.11/micrometer-observation-1.12.11-sources.jar
2026-08-07 10:24:41,578 [Worker-7: Download sources and javadoc] INFO  o.e.m.j.internal.DownloadSourcesJob - Downloaded sources for io.micrometer:micrometer-observation:1.12.11
2026-08-07 10:24:41,680 [Worker-7: Download sources and javadoc] INFO  o.e.m.c.i.e.AbstractTransferListenerAdapter - Downloading https://repo.maven.apache.org/maven2/io/micrometer/micrometer-commons/1.12.11/micrometer-commons-1.12.11-sources.jar
2026-08-07 10:24:42,361 [Worker-7: Download sources and javadoc] INFO  o.e.m.c.i.e.AbstractTransferListenerAdapter - Downloaded https://repo.maven.apache.org/maven2/io/micrometer/micrometer-commons/1.12.11/micrometer-commons-1.12.11-sources.jar
2026-08-07 10:24:42,364 [Worker-7: Download sources and javadoc] INFO  o.e.m.j.internal.DownloadSourcesJob - Downloaded sources for io.micrometer:micrometer-commons:1.12.11
2026-08-07 10:24:42,430 [Worker-11: Updating Maven Project] INFO  o.e.m.j.i.AbstractJavaProjectConfigurator - Adding source folder /StudentMAnagementXML/src/main/java
2026-08-07 10:24:42,430 [Worker-11: Updating Maven Project] INFO  o.e.m.j.i.AbstractJavaProjectConfigurator - Adding resource folder /StudentMAnagementXML/src/main/resources
2026-08-07 10:24:42,432 [Worker-11: Updating Maven Project] INFO  o.e.m.j.i.AbstractJavaProjectConfigurator - Adding source folder /StudentMAnagementXML/src/test/java
2026-08-07 10:24:42,432 [Worker-11: Updating Maven Project] INFO  o.e.m.j.i.AbstractJavaProjectConfigurator - Adding resource folder /StudentMAnagementXML/src/test/resources
2026-08-07 10:24:42,494 [Worker-11: Updating Maven Project] WARN  o.apache.maven.project.MavenProject - Direct modification of compileSourceRoots through clear() is deprecated and will not work in Maven 4.0.0. Please use the add/remove methods instead. If you're using a plugin that causes this warning, please upgrade to the latest version and report an issue if the warning persists. To disable these warnings, set -Dmaven.project.sourceRoots.warningsDisabled=true on the command line, in the .mvn/maven.config file, or in project POM properties.
2026-08-07 10:24:42,496 [Worker-11: Updating Maven Project] WARN  o.apache.maven.project.MavenProject - Direct modification of compileSourceRoots through add() is deprecated and will not work in Maven 4.0.0. Please use the add/remove methods instead. If you're using a plugin that causes this warning, please upgrade to the latest version and report an issue if the warning persists. To disable these warnings, set -Dmaven.project.sourceRoots.warningsDisabled=true on the command line, in the .mvn/maven.config file, or in project POM properties.
2026-08-07 10:24:42,496 [Worker-11: Updating Maven Project] WARN  o.apache.maven.project.MavenProject - Direct modification of testCompileSourceRoots through clear() is deprecated and will not work in Maven 4.0.0. Please use the add/remove methods instead. If you're using a plugin that causes this warning, please upgrade to the latest version and report an issue if the warning persists. To disable these warnings, set -Dmaven.project.sourceRoots.warningsDisabled=true on the command line, in the .mvn/maven.config file, or in project POM properties.
2026-08-07 10:24:42,497 [Worker-11: Updating Maven Project] WARN  o.apache.maven.project.MavenProject - Direct modification of testCompileSourceRoots through add() is deprecated and will not work in Maven 4.0.0. Please use the add/remove methods instead. If you're using a plugin that causes this warning, please upgrade to the latest version and report an issue if the warning persists. To disable these warnings, set -Dmaven.project.sourceRoots.warningsDisabled=true on the command line, in the .mvn/maven.config file, or in project POM properties.
2026-08-07 10:24:42,569 [Worker-11: Updating Maven Project] INFO  o.e.m.c.i.p.ProjectConfigurationManager - Update completed for 1 poms: local refresh takes 0.00 sec, refresh facades takes 2.00 sec, update config takes 0.00 sec 
2026-08-07 10:24:42,972 [Worker-12: Building] INFO  o.a.m.s.f.DefaultMavenResourcesFiltering - Copying 1 resource from src\main\resources to target\classes
2026-08-07 10:24:42,978 [Worker-12: Building] INFO  o.a.m.s.f.DefaultMavenResourcesFiltering - skip non existing resourceDirectory C:\Users\anujv\Desktop\Configuration\StudentMAnagementXML\src\test\resources
2026-08-07 10:24:42,990 [Worker-12: Building] WARN  o.apache.maven.project.MavenProject - Direct modification of compileSourceRoots through clear() is deprecated and will not work in Maven 4.0.0. Please use the add/remove methods instead. If you're using a plugin that causes this warning, please upgrade to the latest version and report an issue if the warning persists. To disable these warnings, set -Dmaven.project.sourceRoots.warningsDisabled=true on the command line, in the .mvn/maven.config file, or in project POM properties.
2026-08-07 10:24:42,992 [Worker-12: Building] WARN  o.apache.maven.project.MavenProject - Direct modification of compileSourceRoots through add() is deprecated and will not work in Maven 4.0.0. Please use the add/remove methods instead. If you're using a plugin that causes this warning, please upgrade to the latest version and report an issue if the warning persists. To disable these warnings, set -Dmaven.project.sourceRoots.warningsDisabled=true on the command line, in the .mvn/maven.config file, or in project POM properties.
2026-08-07 10:24:42,994 [Worker-12: Building] WARN  o.apache.maven.project.MavenProject - Direct modification of testCompileSourceRoots through clear() is deprecated and will not work in Maven 4.0.0. Please use the add/remove methods instead. If you're using a plugin that causes this warning, please upgrade to the latest version and report an issue if the warning persists. To disable these warnings, set -Dmaven.project.sourceRoots.warningsDisabled=true on the command line, in the .mvn/maven.config file, or in project POM properties.
2026-08-07 10:24:42,995 [Worker-12: Building] WARN  o.apache.maven.project.MavenProject - Direct modification of testCompileSourceRoots through add() is deprecated and will not work in Maven 4.0.0. Please use the add/remove methods instead. If you're using a plugin that causes this warning, please upgrade to the latest version and report an issue if the warning persists. To disable these warnings, set -Dmaven.project.sourceRoots.warningsDisabled=true on the command line, in the .mvn/maven.config file, or in project POM properties.
2026-08-07 10:24:47,089 [Worker-5: Updating Maven Project] INFO  o.e.m.c.i.p.ProjectConfigurationManager - Update started
2026-08-07 10:24:47,156 [Worker-5: Updating Maven Project] INFO  o.e.m.c.i.l.LifecycleMappingFactory - Using org.eclipse.m2e.jdt.JarLifecycleMapping lifecycle mapping for MavenProject: com.studentmanagement:StudentMAnagementXML:0.0.1-SNAPSHOT @ C:\Users\anujv\Desktop\Configuration\StudentMAnagementXML\pom.xml.
2026-08-07 10:24:47,259 [Worker-5: Updating Maven Project] INFO  o.e.m.j.i.AbstractJavaProjectConfigurator - Adding source folder /StudentMAnagementXML/src/main/java
2026-08-07 10:24:47,260 [Worker-5: Updating Maven Project] INFO  o.e.m.j.i.AbstractJavaProjectConfigurator - Adding resource folder /StudentMAnagementXML/src/main/resources
2026-08-07 10:24:47,262 [Worker-5: Updating Maven Project] INFO  o.e.m.j.i.AbstractJavaProjectConfigurator - Adding source folder /StudentMAnagementXML/src/test/java
2026-08-07 10:24:47,264 [Worker-5: Updating Maven Project] INFO  o.e.m.j.i.AbstractJavaProjectConfigurator - Adding resource folder /StudentMAnagementXML/src/test/resources
2026-08-07 10:24:47,299 [Worker-5: Updating Maven Project] WARN  o.apache.maven.project.MavenProject - Direct modification of compileSourceRoots through clear() is deprecated and will not work in Maven 4.0.0. Please use the add/remove methods instead. If you're using a plugin that causes this warning, please upgrade to the latest version and report an issue if the warning persists. To disable these warnings, set -Dmaven.project.sourceRoots.warningsDisabled=true on the command line, in the .mvn/maven.config file, or in project POM properties.
2026-08-07 10:24:47,300 [Worker-5: Updating Maven Project] WARN  o.apache.maven.project.MavenProject - Direct modification of compileSourceRoots through add() is deprecated and will not work in Maven 4.0.0. Please use the add/remove methods instead. If you're using a plugin that causes this warning, please upgrade to the latest version and report an issue if the warning persists. To disable these warnings, set -Dmaven.project.sourceRoots.warningsDisabled=true on the command line, in the .mvn/maven.config file, or in project POM properties.
2026-08-07 10:24:47,301 [Worker-5: Updating Maven Project] WARN  o.apache.maven.project.MavenProject - Direct modification of testCompileSourceRoots through clear() is deprecated and will not work in Maven 4.0.0. Please use the add/remove methods instead. If you're using a plugin that causes this warning, please upgrade to the latest version and report an issue if the warning persists. To disable these warnings, set -Dmaven.project.sourceRoots.warningsDisabled=true on the command line, in the .mvn/maven.config file, or in project POM properties.
2026-08-07 10:24:47,301 [Worker-5: Updating Maven Project] WARN  o.apache.maven.project.MavenProject - Direct modification of testCompileSourceRoots through add() is deprecated and will not work in Maven 4.0.0. Please use the add/remove methods instead. If you're using a plugin that causes this warning, please upgrade to the latest version and report an issue if the warning persists. To disable these warnings, set -Dmaven.project.sourceRoots.warningsDisabled=true on the command line, in the .mvn/maven.config file, or in project POM properties.
2026-08-07 10:24:47,347 [Worker-5: Updating Maven Project] INFO  o.e.m.c.i.p.ProjectConfigurationManager - Update completed for 1 poms: local refresh takes 0.00 sec, refresh facades takes 0.00 sec, update config takes 0.00 sec 
2026-08-07 10:24:47,576 [Worker-8: Building] INFO  o.a.m.s.f.DefaultMavenResourcesFiltering - Copying 1 resource from src\main\resources to target\classes
2026-08-07 10:24:47,583 [Worker-8: Building] INFO  o.a.m.s.f.DefaultMavenResourcesFiltering - skip non existing resourceDirectory C:\Users\anujv\Desktop\Configuration\StudentMAnagementXML\src\test\resources
2026-08-07 10:24:47,597 [Worker-8: Building] WARN  o.apache.maven.project.MavenProject - Direct modification of compileSourceRoots through clear() is deprecated and will not work in Maven 4.0.0. Please use the add/remove methods instead. If you're using a plugin that causes this warning, please upgrade to the latest version and report an issue if the warning persists. To disable these warnings, set -Dmaven.project.sourceRoots.warningsDisabled=true on the command line, in the .mvn/maven.config file, or in project POM properties.
2026-08-07 10:24:47,600 [Worker-8: Building] WARN  o.apache.maven.project.MavenProject - Direct modification of compileSourceRoots through add() is deprecated and will not work in Maven 4.0.0. Please use the add/remove methods instead. If you're using a plugin that causes this warning, please upgrade to the latest version and report an issue if the warning persists. To disable these warnings, set -Dmaven.project.sourceRoots.warningsDisabled=true on the command line, in the .mvn/maven.config file, or in project POM properties.
2026-08-07 10:24:47,601 [Worker-8: Building] WARN  o.apache.maven.project.MavenProject - Direct modification of testCompileSourceRoots through clear() is deprecated and will not work in Maven 4.0.0. Please use the add/remove methods instead. If you're using a plugin that causes this warning, please upgrade to the latest version and report an issue if the warning persists. To disable these warnings, set -Dmaven.project.sourceRoots.warningsDisabled=true on the command line, in the .mvn/maven.config file, or in project POM properties.
2026-08-07 10:24:47,603 [Worker-8: Building] WARN  o.apache.maven.project.MavenProject - Direct modification of testCompileSourceRoots through add() is deprecated and will not work in Maven 4.0.0. Please use the add/remove methods instead. If you're using a plugin that causes this warning, please upgrade to the latest version and report an issue if the warning persists. To disable these warnings, set -Dmaven.project.sourceRoots.warningsDisabled=true on the command line, in the .mvn/maven.config file, or in project POM properties.
2026-08-07 10:31:18,796 [Worker-14: Launching mavenrun-7f8f74cc-3e6b-48a6-990d-c6bc3cf5cd85] INFO  o.eclipse.m2e.core.internal.Bundles - getClasspathEntries(Bundle=org.eclipse.m2e.maven.runtime_3.9.1101.20251020-1549 [372])
2026-08-07 10:31:18,799 [Worker-14: Launching mavenrun-7f8f74cc-3e6b-48a6-990d-c6bc3cf5cd85] INFO  o.eclipse.m2e.core.internal.Bundles - 	Entry: C:\Users\anujv\Downloads\sts-5.0.1.RELEASE\plugins\org.eclipse.m2e.maven.runtime_3.9.1101.20251020-1549
2026-08-07 10:31:18,801 [Worker-14: Launching mavenrun-7f8f74cc-3e6b-48a6-990d-c6bc3cf5cd85] INFO  o.eclipse.m2e.core.internal.Bundles - 	Entry: C:\Users\anujv\Downloads\sts-5.0.1.RELEASE\plugins\org.eclipse.m2e.maven.runtime_3.9.1101.20251020-1549\jars\aopalliance-1.0.jar
2026-08-07 10:31:18,803 [Worker-14: Launching mavenrun-7f8f74cc-3e6b-48a6-990d-c6bc3cf5cd85] INFO  o.eclipse.m2e.core.internal.Bundles - 	Entry: C:\Users\anujv\Downloads\sts-5.0.1.RELEASE\plugins\org.eclipse.m2e.maven.runtime_3.9.1101.20251020-1549\jars\asm-9.8.jar
2026-08-07 10:31:18,804 [Worker-14: Launching mavenrun-7f8f74cc-3e6b-48a6-990d-c6bc3cf5cd85] INFO  o.eclipse.m2e.core.internal.Bundles - 	Entry: C:\Users\anujv\Downloads\sts-5.0.1.RELEASE\plugins\org.eclipse.m2e.maven.runtime_3.9.1101.20251020-1549\jars\error_prone_annotations-2.38.0.jar
2026-08-07 10:31:18,805 [Worker-14: Launching mavenrun-7f8f74cc-3e6b-48a6-990d-c6bc3cf5cd85] INFO  o.eclipse.m2e.core.internal.Bundles - 	Entry: C:\Users\anujv\Downloads\sts-5.0.1.RELEASE\plugins\org.eclipse.m2e.maven.runtime_3.9.1101.20251020-1549\jars\gson-2.13.1.jar
2026-08-07 10:31:18,805 [Worker-14: Launching mavenrun-7f8f74cc-3e6b-48a6-990d-c6bc3cf5cd85] INFO  o.eclipse.m2e.core.internal.Bundles - 	Entry: C:\Users\anujv\Downloads\sts-5.0.1.RELEASE\plugins\org.eclipse.m2e.maven.runtime_3.9.1101.20251020-1549\jars\guice-5.1.0-classes.jar
2026-08-07 10:31:18,805 [Worker-14: Launching mavenrun-7f8f74cc-3e6b-48a6-990d-c6bc3cf5cd85] INFO  o.eclipse.m2e.core.internal.Bundles - 	Entry: C:\Users\anujv\Downloads\sts-5.0.1.RELEASE\plugins\org.eclipse.m2e.maven.runtime_3.9.1101.20251020-1549\jars\httpclient-4.5.14.jar
2026-08-07 10:31:18,806 [Worker-14: Launching mavenrun-7f8f74cc-3e6b-48a6-990d-c6bc3cf5cd85] INFO  o.eclipse.m2e.core.internal.Bundles - 	Entry: C:\Users\anujv\Downloads\sts-5.0.1.RELEASE\plugins\org.eclipse.m2e.maven.runtime_3.9.1101.20251020-1549\jars\httpcore-4.4.16.jar
2026-08-07 10:31:18,806 [Worker-14: Launching mavenrun-7f8f74cc-3e6b-48a6-990d-c6bc3cf5cd85] INFO  o.eclipse.m2e.core.internal.Bundles - 	Entry: C:\Users\anujv\Downloads\sts-5.0.1.RELEASE\plugins\org.eclipse.m2e.maven.runtime_3.9.1101.20251020-1549\jars\jansi-2.4.2.jar
2026-08-07 10:31:18,807 [Worker-14: Launching mavenrun-7f8f74cc-3e6b-48a6-990d-c6bc3cf5cd85] INFO  o.eclipse.m2e.core.internal.Bundles - 	Entry: C:\Users\anujv\Downloads\sts-5.0.1.RELEASE\plugins\org.eclipse.m2e.maven.runtime_3.9.1101.20251020-1549\jars\jcl-over-slf4j-1.7.36.jar
2026-08-07 10:31:18,808 [Worker-14: Launching mavenrun-7f8f74cc-3e6b-48a6-990d-c6bc3cf5cd85] INFO  o.eclipse.m2e.core.internal.Bundles - 	Entry: C:\Users\anujv\Downloads\sts-5.0.1.RELEASE\plugins\org.eclipse.m2e.maven.runtime_3.9.1101.20251020-1549\jars\maven-artifact-3.9.11.jar
2026-08-07 10:31:18,808 [Worker-14: Launching mavenrun-7f8f74cc-3e6b-48a6-990d-c6bc3cf5cd85] INFO  o.eclipse.m2e.core.internal.Bundles - 	Entry: C:\Users\anujv\Downloads\sts-5.0.1.RELEASE\plugins\org.eclipse.m2e.maven.runtime_3.9.1101.20251020-1549\jars\maven-builder-support-3.9.11.jar
2026-08-07 10:31:18,809 [Worker-14: Launching mavenrun-7f8f74cc-3e6b-48a6-990d-c6bc3cf5cd85] INFO  o.eclipse.m2e.core.internal.Bundles - 	Entry: C:\Users\anujv\Downloads\sts-5.0.1.RELEASE\plugins\org.eclipse.m2e.maven.runtime_3.9.1101.20251020-1549\jars\maven-compat-3.9.11.jar
2026-08-07 10:31:18,810 [Worker-14: Launching mavenrun-7f8f74cc-3e6b-48a6-990d-c6bc3cf5cd85] INFO  o.eclipse.m2e.core.internal.Bundles - 	Entry: C:\Users\anujv\Downloads\sts-5.0.1.RELEASE\plugins\org.eclipse.m2e.maven.runtime_3.9.1101.20251020-1549\jars\maven-core-3.9.11.jar
2026-08-07 10:31:18,811 [Worker-14: Launching mavenrun-7f8f74cc-3e6b-48a6-990d-c6bc3cf5cd85] INFO  o.eclipse.m2e.core.internal.Bundles - 	Entry: C:\Users\anujv\Downloads\sts-5.0.1.RELEASE\plugins\org.eclipse.m2e.maven.runtime_3.9.1101.20251020-1549\jars\maven-embedder-3.9.11.jar
2026-08-07 10:31:18,811 [Worker-14: Launching mavenrun-7f8f74cc-3e6b-48a6-990d-c6bc3cf5cd85] INFO  o.eclipse.m2e.core.internal.Bundles - 	Entry: C:\Users\anujv\Downloads\sts-5.0.1.RELEASE\plugins\org.eclipse.m2e.maven.runtime_3.9.1101.20251020-1549\jars\maven-model-3.9.11.jar
2026-08-07 10:31:18,811 [Worker-14: Launching mavenrun-7f8f74cc-3e6b-48a6-990d-c6bc3cf5cd85] INFO  o.eclipse.m2e.core.internal.Bundles - 	Entry: C:\Users\anujv\Downloads\sts-5.0.1.RELEASE\plugins\org.eclipse.m2e.maven.runtime_3.9.1101.20251020-1549\jars\maven-model-builder-3.9.11.jar
2026-08-07 10:31:18,812 [Worker-14: Launching mavenrun-7f8f74cc-3e6b-48a6-990d-c6bc3cf5cd85] INFO  o.eclipse.m2e.core.internal.Bundles - 	Entry: C:\Users\anujv\Downloads\sts-5.0.1.RELEASE\plugins\org.eclipse.m2e.maven.runtime_3.9.1101.20251020-1549\jars\maven-plugin-api-3.9.11.jar
2026-08-07 10:31:18,812 [Worker-14: Launching mavenrun-7f8f74cc-3e6b-48a6-990d-c6bc3cf5cd85] INFO  o.eclipse.m2e.core.internal.Bundles - 	Entry: C:\Users\anujv\Downloads\sts-5.0.1.RELEASE\plugins\org.eclipse.m2e.maven.runtime_3.9.1101.20251020-1549\jars\maven-repository-metadata-3.9.11.jar
2026-08-07 10:31:18,812 [Worker-14: Launching mavenrun-7f8f74cc-3e6b-48a6-990d-c6bc3cf5cd85] INFO  o.eclipse.m2e.core.internal.Bundles - 	Entry: C:\Users\anujv\Downloads\sts-5.0.1.RELEASE\plugins\org.eclipse.m2e.maven.runtime_3.9.1101.20251020-1549\jars\maven-resolver-api-1.9.24.jar
2026-08-07 10:31:18,813 [Worker-14: Launching mavenrun-7f8f74cc-3e6b-48a6-990d-c6bc3cf5cd85] INFO  o.eclipse.m2e.core.internal.Bundles - 	Entry: C:\Users\anujv\Downloads\sts-5.0.1.RELEASE\plugins\org.eclipse.m2e.maven.runtime_3.9.1101.20251020-1549\jars\maven-resolver-connector-basic-1.9.24.jar
2026-08-07 10:31:18,814 [Worker-14: Launching mavenrun-7f8f74cc-3e6b-48a6-990d-c6bc3cf5cd85] INFO  o.eclipse.m2e.core.internal.Bundles - 	Entry: C:\Users\anujv\Downloads\sts-5.0.1.RELEASE\plugins\org.eclipse.m2e.maven.runtime_3.9.1101.20251020-1549\jars\maven-resolver-impl-1.9.24.jar
2026-08-07 10:31:18,814 [Worker-14: Launching mavenrun-7f8f74cc-3e6b-48a6-990d-c6bc3cf5cd85] INFO  o.eclipse.m2e.core.internal.Bundles - 	Entry: C:\Users\anujv\Downloads\sts-5.0.1.RELEASE\plugins\org.eclipse.m2e.maven.runtime_3.9.1101.20251020-1549\jars\maven-resolver-named-locks-1.9.24.jar
2026-08-07 10:31:18,816 [Worker-14: Launching mavenrun-7f8f74cc-3e6b-48a6-990d-c6bc3cf5cd85] INFO  o.eclipse.m2e.core.internal.Bundles - 	Entry: C:\Users\anujv\Downloads\sts-5.0.1.RELEASE\plugins\org.eclipse.m2e.maven.runtime_3.9.1101.20251020-1549\jars\maven-resolver-provider-3.9.11.jar
2026-08-07 10:31:18,817 [Worker-14: Launching mavenrun-7f8f74cc-3e6b-48a6-990d-c6bc3cf5cd85] INFO  o.eclipse.m2e.core.internal.Bundles - 	Entry: C:\Users\anujv\Downloads\sts-5.0.1.RELEASE\plugins\org.eclipse.m2e.maven.runtime_3.9.1101.20251020-1549\jars\maven-resolver-spi-1.9.24.jar
2026-08-07 10:31:18,818 [Worker-14: Launching mavenrun-7f8f74cc-3e6b-48a6-990d-c6bc3cf5cd85] INFO  o.eclipse.m2e.core.internal.Bundles - 	Entry: C:\Users\anujv\Downloads\sts-5.0.1.RELEASE\plugins\org.eclipse.m2e.maven.runtime_3.9.1101.20251020-1549\jars\maven-resolver-transport-file-1.9.24.jar
2026-08-07 10:31:18,819 [Worker-14: Launching mavenrun-7f8f74cc-3e6b-48a6-990d-c6bc3cf5cd85] INFO  o.eclipse.m2e.core.internal.Bundles - 	Entry: C:\Users\anujv\Downloads\sts-5.0.1.RELEASE\plugins\org.eclipse.m2e.maven.runtime_3.9.1101.20251020-1549\jars\maven-resolver-transport-http-1.9.24.jar
2026-08-07 10:31:18,822 [Worker-14: Launching mavenrun-7f8f74cc-3e6b-48a6-990d-c6bc3cf5cd85] INFO  o.eclipse.m2e.core.internal.Bundles - 	Entry: C:\Users\anujv\Downloads\sts-5.0.1.RELEASE\plugins\org.eclipse.m2e.maven.runtime_3.9.1101.20251020-1549\jars\maven-resolver-transport-wagon-1.9.24.jar
2026-08-07 10:31:18,823 [Worker-14: Launching mavenrun-7f8f74cc-3e6b-48a6-990d-c6bc3cf5cd85] INFO  o.eclipse.m2e.core.internal.Bundles - 	Entry: C:\Users\anujv\Downloads\sts-5.0.1.RELEASE\plugins\org.eclipse.m2e.maven.runtime_3.9.1101.20251020-1549\jars\maven-resolver-util-1.9.24.jar
2026-08-07 10:31:18,823 [Worker-14: Launching mavenrun-7f8f74cc-3e6b-48a6-990d-c6bc3cf5cd85] INFO  o.eclipse.m2e.core.internal.Bundles - 	Entry: C:\Users\anujv\Downloads\sts-5.0.1.RELEASE\plugins\org.eclipse.m2e.maven.runtime_3.9.1101.20251020-1549\jars\maven-settings-3.9.11.jar
2026-08-07 10:31:18,824 [Worker-14: Launching mavenrun-7f8f74cc-3e6b-48a6-990d-c6bc3cf5cd85] INFO  o.eclipse.m2e.core.internal.Bundles - 	Entry: C:\Users\anujv\Downloads\sts-5.0.1.RELEASE\plugins\org.eclipse.m2e.maven.runtime_3.9.1101.20251020-1549\jars\maven-settings-builder-3.9.11.jar
2026-08-07 10:31:18,824 [Worker-14: Launching mavenrun-7f8f74cc-3e6b-48a6-990d-c6bc3cf5cd85] INFO  o.eclipse.m2e.core.internal.Bundles - 	Entry: C:\Users\anujv\Downloads\sts-5.0.1.RELEASE\plugins\org.eclipse.m2e.maven.runtime_3.9.1101.20251020-1549\jars\maven-shared-utils-3.4.2.jar
2026-08-07 10:31:18,825 [Worker-14: Launching mavenrun-7f8f74cc-3e6b-48a6-990d-c6bc3cf5cd85] INFO  o.eclipse.m2e.core.internal.Bundles - 	Entry: C:\Users\anujv\Downloads\sts-5.0.1.RELEASE\plugins\org.eclipse.m2e.maven.runtime_3.9.1101.20251020-1549\jars\org.eclipse.sisu.inject-0.9.0.M4.jar
2026-08-07 10:31:18,825 [Worker-14: Launching mavenrun-7f8f74cc-3e6b-48a6-990d-c6bc3cf5cd85] INFO  o.eclipse.m2e.core.internal.Bundles - 	Entry: C:\Users\anujv\Downloads\sts-5.0.1.RELEASE\plugins\org.eclipse.m2e.maven.runtime_3.9.1101.20251020-1549\jars\org.eclipse.sisu.plexus-0.9.0.M4.jar
2026-08-07 10:31:18,826 [Worker-14: Launching mavenrun-7f8f74cc-3e6b-48a6-990d-c6bc3cf5cd85] INFO  o.eclipse.m2e.core.internal.Bundles - 	Entry: C:\Users\anujv\Downloads\sts-5.0.1.RELEASE\plugins\org.eclipse.m2e.maven.runtime_3.9.1101.20251020-1549\jars\plexus-build-api-0.0.7.jar
2026-08-07 10:31:18,826 [Worker-14: Launching mavenrun-7f8f74cc-3e6b-48a6-990d-c6bc3cf5cd85] INFO  o.eclipse.m2e.core.internal.Bundles - 	Entry: C:\Users\anujv\Downloads\sts-5.0.1.RELEASE\plugins\org.eclipse.m2e.maven.runtime_3.9.1101.20251020-1549\jars\plexus-build-api-1.2.0.jar
2026-08-07 10:31:18,826 [Worker-14: Launching mavenrun-7f8f74cc-3e6b-48a6-990d-c6bc3cf5cd85] INFO  o.eclipse.m2e.core.internal.Bundles - 	Entry: C:\Users\anujv\Downloads\sts-5.0.1.RELEASE\plugins\org.eclipse.m2e.maven.runtime_3.9.1101.20251020-1549\jars\plexus-cipher-2.0.jar
2026-08-07 10:31:18,826 [Worker-14: Launching mavenrun-7f8f74cc-3e6b-48a6-990d-c6bc3cf5cd85] INFO  o.eclipse.m2e.core.internal.Bundles - 	Entry: C:\Users\anujv\Downloads\sts-5.0.1.RELEASE\plugins\org.eclipse.m2e.maven.runtime_3.9.1101.20251020-1549\jars\plexus-classworlds-2.9.0.jar
2026-08-07 10:31:18,826 [Worker-14: Launching mavenrun-7f8f74cc-3e6b-48a6-990d-c6bc3cf5cd85] INFO  o.eclipse.m2e.core.internal.Bundles - 	Entry: C:\Users\anujv\Downloads\sts-5.0.1.RELEASE\plugins\org.eclipse.m2e.maven.runtime_3.9.1101.20251020-1549\jars\plexus-component-annotations-2.2.0.jar
2026-08-07 10:31:18,826 [Worker-14: Launching mavenrun-7f8f74cc-3e6b-48a6-990d-c6bc3cf5cd85] INFO  o.eclipse.m2e.core.internal.Bundles - 	Entry: C:\Users\anujv\Downloads\sts-5.0.1.RELEASE\plugins\org.eclipse.m2e.maven.runtime_3.9.1101.20251020-1549\jars\plexus-interpolation-1.28.jar
2026-08-07 10:31:18,826 [Worker-14: Launching mavenrun-7f8f74cc-3e6b-48a6-990d-c6bc3cf5cd85] INFO  o.eclipse.m2e.core.internal.Bundles - 	Entry: C:\Users\anujv\Downloads\sts-5.0.1.RELEASE\plugins\org.eclipse.m2e.maven.runtime_3.9.1101.20251020-1549\jars\plexus-sec-dispatcher-2.0.jar
2026-08-07 10:31:18,826 [Worker-14: Launching mavenrun-7f8f74cc-3e6b-48a6-990d-c6bc3cf5cd85] INFO  o.eclipse.m2e.core.internal.Bundles - 	Entry: C:\Users\anujv\Downloads\sts-5.0.1.RELEASE\plugins\org.eclipse.m2e.maven.runtime_3.9.1101.20251020-1549\jars\plexus-utils-3.6.0.jar
2026-08-07 10:31:18,826 [Worker-14: Launching mavenrun-7f8f74cc-3e6b-48a6-990d-c6bc3cf5cd85] INFO  o.eclipse.m2e.core.internal.Bundles - 	Entry: C:\Users\anujv\Downloads\sts-5.0.1.RELEASE\plugins\org.eclipse.m2e.maven.runtime_3.9.1101.20251020-1549\jars\wagon-file-3.5.3.jar
2026-08-07 10:31:18,828 [Worker-14: Launching mavenrun-7f8f74cc-3e6b-48a6-990d-c6bc3cf5cd85] INFO  o.eclipse.m2e.core.internal.Bundles - 	Entry: C:\Users\anujv\Downloads\sts-5.0.1.RELEASE\plugins\org.eclipse.m2e.maven.runtime_3.9.1101.20251020-1549\jars\wagon-http-3.5.3.jar
2026-08-07 10:31:18,828 [Worker-14: Launching mavenrun-7f8f74cc-3e6b-48a6-990d-c6bc3cf5cd85] INFO  o.eclipse.m2e.core.internal.Bundles - 	Entry: C:\Users\anujv\Downloads\sts-5.0.1.RELEASE\plugins\org.eclipse.m2e.maven.runtime_3.9.1101.20251020-1549\jars\wagon-http-shared-3.5.3.jar
2026-08-07 10:31:18,828 [Worker-14: Launching mavenrun-7f8f74cc-3e6b-48a6-990d-c6bc3cf5cd85] INFO  o.eclipse.m2e.core.internal.Bundles - 	Entry: C:\Users\anujv\Downloads\sts-5.0.1.RELEASE\plugins\org.eclipse.m2e.maven.runtime_3.9.1101.20251020-1549\jars\wagon-provider-api-3.5.3.jar
2026-08-07 10:31:18,829 [Worker-14: Launching mavenrun-7f8f74cc-3e6b-48a6-990d-c6bc3cf5cd85] INFO  o.eclipse.m2e.core.internal.Bundles - getClasspathEntries(Bundle=com.google.guava_33.5.0.jre [31])
2026-08-07 10:31:18,830 [Worker-14: Launching mavenrun-7f8f74cc-3e6b-48a6-990d-c6bc3cf5cd85] INFO  o.eclipse.m2e.core.internal.Bundles - 	Entry: C:\Users\anujv\Downloads\sts-5.0.1.RELEASE\plugins\com.google.guava_33.5.0.jre.jar
2026-08-07 10:31:18,830 [Worker-14: Launching mavenrun-7f8f74cc-3e6b-48a6-990d-c6bc3cf5cd85] INFO  o.eclipse.m2e.core.internal.Bundles - getClasspathEntries(Bundle=slf4j.api_2.0.17 [620])
2026-08-07 10:31:18,833 [Worker-14: Launching mavenrun-7f8f74cc-3e6b-48a6-990d-c6bc3cf5cd85] INFO  o.eclipse.m2e.core.internal.Bundles - 	Entry: C:\Users\anujv\Downloads\sts-5.0.1.RELEASE\plugins\slf4j.api_2.0.17.jar
2026-08-07 10:31:18,834 [Worker-14: Launching mavenrun-7f8f74cc-3e6b-48a6-990d-c6bc3cf5cd85] INFO  o.eclipse.m2e.core.internal.Bundles - getClasspathEntries(Bundle=jakarta.inject.jakarta.inject-api_1.0.5 [46])
2026-08-07 10:31:18,835 [Worker-14: Launching mavenrun-7f8f74cc-3e6b-48a6-990d-c6bc3cf5cd85] INFO  o.eclipse.m2e.core.internal.Bundles - 	Entry: C:\Users\anujv\Downloads\sts-5.0.1.RELEASE\plugins\jakarta.inject.jakarta.inject-api_1.0.5.jar
2026-08-07 10:31:18,836 [Worker-14: Launching mavenrun-7f8f74cc-3e6b-48a6-990d-c6bc3cf5cd85] INFO  o.eclipse.m2e.core.internal.Bundles - getClasspathEntries(Bundle=jakarta.annotation-api_1.3.5 [43])
2026-08-07 10:31:18,837 [Worker-14: Launching mavenrun-7f8f74cc-3e6b-48a6-990d-c6bc3cf5cd85] INFO  o.eclipse.m2e.core.internal.Bundles - 	Entry: C:\Users\anujv\Downloads\sts-5.0.1.RELEASE\plugins\jakarta.annotation-api_1.3.5.jar
2026-08-07 10:31:18,837 [Worker-14: Launching mavenrun-7f8f74cc-3e6b-48a6-990d-c6bc3cf5cd85] INFO  o.eclipse.m2e.core.internal.Bundles - getClasspathEntries(Bundle=org.apache.commons.cli_1.11.0 [85])
2026-08-07 10:31:18,838 [Worker-14: Launching mavenrun-7f8f74cc-3e6b-48a6-990d-c6bc3cf5cd85] INFO  o.eclipse.m2e.core.internal.Bundles - 	Entry: C:\Users\anujv\Downloads\sts-5.0.1.RELEASE\plugins\org.apache.commons.cli_1.11.0.jar
2026-08-07 10:31:18,838 [Worker-14: Launching mavenrun-7f8f74cc-3e6b-48a6-990d-c6bc3cf5cd85] INFO  o.eclipse.m2e.core.internal.Bundles - getClasspathEntries(Bundle=org.apache.commons.commons-codec_1.20.0 [87])
2026-08-07 10:31:18,840 [Worker-14: Launching mavenrun-7f8f74cc-3e6b-48a6-990d-c6bc3cf5cd85] INFO  o.eclipse.m2e.core.internal.Bundles - 	Entry: C:\Users\anujv\Downloads\sts-5.0.1.RELEASE\plugins\org.apache.commons.commons-codec_1.20.0.jar
2026-08-07 10:31:18,840 [Worker-14: Launching mavenrun-7f8f74cc-3e6b-48a6-990d-c6bc3cf5cd85] INFO  o.eclipse.m2e.core.internal.Bundles - getClasspathEntries(Bundle=com.google.guava.failureaccess_1.0.3 [32])
2026-08-07 10:31:18,840 [Worker-14: Launching mavenrun-7f8f74cc-3e6b-48a6-990d-c6bc3cf5cd85] INFO  o.eclipse.m2e.core.internal.Bundles - 	Entry: C:\Users\anujv\Downloads\sts-5.0.1.RELEASE\plugins\com.google.guava.failureaccess_1.0.3.jar
2026-08-07 10:31:18,844 [Worker-14: Launching mavenrun-7f8f74cc-3e6b-48a6-990d-c6bc3cf5cd85] INFO  o.e.m.i.launch.MavenLaunchDelegate - Run build in "C:\Users\anujv\AppData\Local\Temp\m2e-archetypeGenerator1546188828294376924":
2026-08-07 10:31:18,844 [Worker-14: Launching mavenrun-7f8f74cc-3e6b-48a6-990d-c6bc3cf5cd85] INFO  o.e.m.i.launch.MavenLaunchDelegate -  mvn  -DjavaCompilerVersion=17 -DjunitVersion=5.11.0 -DarchetypeGroupId=org.apache.maven.archetypes -DarchetypeArtifactId=maven-archetype-quickstart -DarchetypeVersion=1.5 -DgroupId=com.studentmanagement -DartifactId=StudentManagementAnnotations -Dversion=0.0.1-SNAPSHOT -Dpackage=com.studentmanagement -DoutputDirectory=C:\Users\anujv\Desktop\Configuration -Dstyle.color=always -U archetype:generate
2026-08-07 10:31:30,841 [Worker-7: Creating maven-archetype-quickstart] INFO  o.e.m.c.i.p.ProjectConfigurationManager - Collecting project info '/pom.xml' C:\Users\anujv\Desktop\Configuration\StudentManagementAnnotations\pom.xml
2026-08-07 10:31:30,951 [Worker-7: Creating maven-archetype-quickstart] INFO  o.e.m.c.i.l.LifecycleMappingFactory - Using org.eclipse.m2e.jdt.JarLifecycleMapping lifecycle mapping for MavenProject: com.studentmanagement:StudentManagementAnnotations:0.0.1-SNAPSHOT @ C:\Users\anujv\Desktop\Configuration\StudentManagementAnnotations\pom.xml.
2026-08-07 10:31:31,165 [Worker-7: Creating maven-archetype-quickstart] INFO  o.e.m.j.i.AbstractJavaProjectConfigurator - Adding source folder /StudentManagementAnnotations/src/main/java
2026-08-07 10:31:31,166 [Worker-7: Creating maven-archetype-quickstart] INFO  o.e.m.j.i.AbstractJavaProjectConfigurator - Adding resource folder /StudentManagementAnnotations/src/main/resources
2026-08-07 10:31:31,177 [Worker-7: Creating maven-archetype-quickstart] INFO  o.e.m.j.i.AbstractJavaProjectConfigurator - Adding source folder /StudentManagementAnnotations/src/test/java
2026-08-07 10:31:31,178 [Worker-7: Creating maven-archetype-quickstart] INFO  o.e.m.j.i.AbstractJavaProjectConfigurator - Adding resource folder /StudentManagementAnnotations/src/test/resources
2026-08-07 10:31:31,330 [Worker-7: Creating maven-archetype-quickstart] WARN  o.apache.maven.project.MavenProject - Direct modification of compileSourceRoots through clear() is deprecated and will not work in Maven 4.0.0. Please use the add/remove methods instead. If you're using a plugin that causes this warning, please upgrade to the latest version and report an issue if the warning persists. To disable these warnings, set -Dmaven.project.sourceRoots.warningsDisabled=true on the command line, in the .mvn/maven.config file, or in project POM properties.
2026-08-07 10:31:31,331 [Worker-7: Creating maven-archetype-quickstart] WARN  o.apache.maven.project.MavenProject - Direct modification of compileSourceRoots through add() is deprecated and will not work in Maven 4.0.0. Please use the add/remove methods instead. If you're using a plugin that causes this warning, please upgrade to the latest version and report an issue if the warning persists. To disable these warnings, set -Dmaven.project.sourceRoots.warningsDisabled=true on the command line, in the .mvn/maven.config file, or in project POM properties.
2026-08-07 10:31:31,332 [Worker-7: Creating maven-archetype-quickstart] WARN  o.apache.maven.project.MavenProject - Direct modification of testCompileSourceRoots through clear() is deprecated and will not work in Maven 4.0.0. Please use the add/remove methods instead. If you're using a plugin that causes this warning, please upgrade to the latest version and report an issue if the warning persists. To disable these warnings, set -Dmaven.project.sourceRoots.warningsDisabled=true on the command line, in the .mvn/maven.config file, or in project POM properties.
2026-08-07 10:31:31,333 [Worker-7: Creating maven-archetype-quickstart] WARN  o.apache.maven.project.MavenProject - Direct modification of testCompileSourceRoots through add() is deprecated and will not work in Maven 4.0.0. Please use the add/remove methods instead. If you're using a plugin that causes this warning, please upgrade to the latest version and report an issue if the warning persists. To disable these warnings, set -Dmaven.project.sourceRoots.warningsDisabled=true on the command line, in the .mvn/maven.config file, or in project POM properties.
2026-08-07 10:31:31,339 [Worker-7: Creating maven-archetype-quickstart] INFO  o.e.m.c.i.p.ProjectConfigurationManager - Imported and configured 1 project(s) in 0 sec
2026-08-07 10:31:31,816 [Worker-16: Building] INFO  o.a.m.s.f.DefaultMavenResourcesFiltering - skip non existing resourceDirectory C:\Users\anujv\Desktop\Configuration\StudentManagementAnnotations\src\main\resources
2026-08-07 10:31:31,824 [Worker-16: Building] INFO  o.a.m.s.f.DefaultMavenResourcesFiltering - skip non existing resourceDirectory C:\Users\anujv\Desktop\Configuration\StudentManagementAnnotations\src\test\resources
2026-08-07 10:31:31,870 [Worker-16: Building] WARN  o.apache.maven.project.MavenProject - Direct modification of compileSourceRoots through clear() is deprecated and will not work in Maven 4.0.0. Please use the add/remove methods instead. If you're using a plugin that causes this warning, please upgrade to the latest version and report an issue if the warning persists. To disable these warnings, set -Dmaven.project.sourceRoots.warningsDisabled=true on the command line, in the .mvn/maven.config file, or in project POM properties.
2026-08-07 10:31:31,872 [Worker-16: Building] WARN  o.apache.maven.project.MavenProject - Direct modification of compileSourceRoots through add() is deprecated and will not work in Maven 4.0.0. Please use the add/remove methods instead. If you're using a plugin that causes this warning, please upgrade to the latest version and report an issue if the warning persists. To disable these warnings, set -Dmaven.project.sourceRoots.warningsDisabled=true on the command line, in the .mvn/maven.config file, or in project POM properties.
2026-08-07 10:31:31,873 [Worker-16: Building] WARN  o.apache.maven.project.MavenProject - Direct modification of testCompileSourceRoots through clear() is deprecated and will not work in Maven 4.0.0. Please use the add/remove methods instead. If you're using a plugin that causes this warning, please upgrade to the latest version and report an issue if the warning persists. To disable these warnings, set -Dmaven.project.sourceRoots.warningsDisabled=true on the command line, in the .mvn/maven.config file, or in project POM properties.
2026-08-07 10:31:31,874 [Worker-16: Building] WARN  o.apache.maven.project.MavenProject - Direct modification of testCompileSourceRoots through add() is deprecated and will not work in Maven 4.0.0. Please use the add/remove methods instead. If you're using a plugin that causes this warning, please upgrade to the latest version and report an issue if the warning persists. To disable these warnings, set -Dmaven.project.sourceRoots.warningsDisabled=true on the command line, in the .mvn/maven.config file, or in project POM properties.
2026-08-07 10:32:56,880 [Worker-15: Building] INFO  o.a.m.s.f.DefaultMavenResourcesFiltering - skip non existing resourceDirectory C:\Users\anujv\Desktop\Configuration\StudentManagementAnnotations\src\main\resources
2026-08-07 10:32:56,886 [Worker-15: Building] INFO  o.a.m.s.f.DefaultMavenResourcesFiltering - skip non existing resourceDirectory C:\Users\anujv\Desktop\Configuration\StudentManagementAnnotations\src\test\resources
2026-08-07 10:32:56,887 [Worker-15: Building] WARN  o.apache.maven.project.MavenProject - Direct modification of compileSourceRoots through clear() is deprecated and will not work in Maven 4.0.0. Please use the add/remove methods instead. If you're using a plugin that causes this warning, please upgrade to the latest version and report an issue if the warning persists. To disable these warnings, set -Dmaven.project.sourceRoots.warningsDisabled=true on the command line, in the .mvn/maven.config file, or in project POM properties.
2026-08-07 10:32:56,889 [Worker-15: Building] WARN  o.apache.maven.project.MavenProject - Direct modification of compileSourceRoots through add() is deprecated and will not work in Maven 4.0.0. Please use the add/remove methods instead. If you're using a plugin that causes this warning, please upgrade to the latest version and report an issue if the warning persists. To disable these warnings, set -Dmaven.project.sourceRoots.warningsDisabled=true on the command line, in the .mvn/maven.config file, or in project POM properties.
2026-08-07 10:32:56,890 [Worker-15: Building] WARN  o.apache.maven.project.MavenProject - Direct modification of testCompileSourceRoots through clear() is deprecated and will not work in Maven 4.0.0. Please use the add/remove methods instead. If you're using a plugin that causes this warning, please upgrade to the latest version and report an issue if the warning persists. To disable these warnings, set -Dmaven.project.sourceRoots.warningsDisabled=true on the command line, in the .mvn/maven.config file, or in project POM properties.
2026-08-07 10:32:56,890 [Worker-15: Building] WARN  o.apache.maven.project.MavenProject - Direct modification of testCompileSourceRoots through add() is deprecated and will not work in Maven 4.0.0. Please use the add/remove methods instead. If you're using a plugin that causes this warning, please upgrade to the latest version and report an issue if the warning persists. To disable these warnings, set -Dmaven.project.sourceRoots.warningsDisabled=true on the command line, in the .mvn/maven.config file, or in project POM properties.
2026-08-07 10:33:07,779 [Worker-5: Building] INFO  o.a.m.s.f.DefaultMavenResourcesFiltering - skip non existing resourceDirectory C:\Users\anujv\Desktop\Configuration\StudentManagementAnnotations\src\main\resources
2026-08-07 10:33:07,783 [Worker-5: Building] INFO  o.a.m.s.f.DefaultMavenResourcesFiltering - skip non existing resourceDirectory C:\Users\anujv\Desktop\Configuration\StudentManagementAnnotations\src\test\resources
2026-08-07 10:33:07,784 [Worker-5: Building] WARN  o.apache.maven.project.MavenProject - Direct modification of compileSourceRoots through clear() is deprecated and will not work in Maven 4.0.0. Please use the add/remove methods instead. If you're using a plugin that causes this warning, please upgrade to the latest version and report an issue if the warning persists. To disable these warnings, set -Dmaven.project.sourceRoots.warningsDisabled=true on the command line, in the .mvn/maven.config file, or in project POM properties.
2026-08-07 10:33:07,785 [Worker-5: Building] WARN  o.apache.maven.project.MavenProject - Direct modification of compileSourceRoots through add() is deprecated and will not work in Maven 4.0.0. Please use the add/remove methods instead. If you're using a plugin that causes this warning, please upgrade to the latest version and report an issue if the warning persists. To disable these warnings, set -Dmaven.project.sourceRoots.warningsDisabled=true on the command line, in the .mvn/maven.config file, or in project POM properties.
2026-08-07 10:33:07,785 [Worker-5: Building] WARN  o.apache.maven.project.MavenProject - Direct modification of testCompileSourceRoots through clear() is deprecated and will not work in Maven 4.0.0. Please use the add/remove methods instead. If you're using a plugin that causes this warning, please upgrade to the latest version and report an issue if the warning persists. To disable these warnings, set -Dmaven.project.sourceRoots.warningsDisabled=true on the command line, in the .mvn/maven.config file, or in project POM properties.
2026-08-07 10:33:07,785 [Worker-5: Building] WARN  o.apache.maven.project.MavenProject - Direct modification of testCompileSourceRoots through add() is deprecated and will not work in Maven 4.0.0. Please use the add/remove methods instead. If you're using a plugin that causes this warning, please upgrade to the latest version and report an issue if the warning persists. To disable these warnings, set -Dmaven.project.sourceRoots.warningsDisabled=true on the command line, in the .mvn/maven.config file, or in project POM properties.
2026-08-07 10:33:20,249 [Worker-14: Building] INFO  o.a.m.s.f.DefaultMavenResourcesFiltering - skip non existing resourceDirectory C:\Users\anujv\Desktop\Configuration\StudentManagementAnnotations\src\main\resources
2026-08-07 10:33:20,253 [Worker-14: Building] INFO  o.a.m.s.f.DefaultMavenResourcesFiltering - skip non existing resourceDirectory C:\Users\anujv\Desktop\Configuration\StudentManagementAnnotations\src\test\resources
2026-08-07 10:33:20,254 [Worker-14: Building] WARN  o.apache.maven.project.MavenProject - Direct modification of compileSourceRoots through clear() is deprecated and will not work in Maven 4.0.0. Please use the add/remove methods instead. If you're using a plugin that causes this warning, please upgrade to the latest version and report an issue if the warning persists. To disable these warnings, set -Dmaven.project.sourceRoots.warningsDisabled=true on the command line, in the .mvn/maven.config file, or in project POM properties.
2026-08-07 10:33:20,255 [Worker-14: Building] WARN  o.apache.maven.project.MavenProject - Direct modification of compileSourceRoots through add() is deprecated and will not work in Maven 4.0.0. Please use the add/remove methods instead. If you're using a plugin that causes this warning, please upgrade to the latest version and report an issue if the warning persists. To disable these warnings, set -Dmaven.project.sourceRoots.warningsDisabled=true on the command line, in the .mvn/maven.config file, or in project POM properties.
2026-08-07 10:33:20,256 [Worker-14: Building] WARN  o.apache.maven.project.MavenProject - Direct modification of testCompileSourceRoots through clear() is deprecated and will not work in Maven 4.0.0. Please use the add/remove methods instead. If you're using a plugin that causes this warning, please upgrade to the latest version and report an issue if the warning persists. To disable these warnings, set -Dmaven.project.sourceRoots.warningsDisabled=true on the command line, in the .mvn/maven.config file, or in project POM properties.
2026-08-07 10:33:20,257 [Worker-14: Building] WARN  o.apache.maven.project.MavenProject - Direct modification of testCompileSourceRoots through add() is deprecated and will not work in Maven 4.0.0. Please use the add/remove methods instead. If you're using a plugin that causes this warning, please upgrade to the latest version and report an issue if the warning persists. To disable these warnings, set -Dmaven.project.sourceRoots.warningsDisabled=true on the command line, in the .mvn/maven.config file, or in project POM properties.
2026-08-07 10:33:49,216 [Worker-16: Building] INFO  o.a.m.s.f.DefaultMavenResourcesFiltering - skip non existing resourceDirectory C:\Users\anujv\Desktop\Configuration\StudentManagementAnnotations\src\main\resources
2026-08-07 10:33:49,218 [Worker-16: Building] INFO  o.a.m.s.f.DefaultMavenResourcesFiltering - skip non existing resourceDirectory C:\Users\anujv\Desktop\Configuration\StudentManagementAnnotations\src\test\resources
2026-08-07 10:33:49,218 [Worker-16: Building] WARN  o.apache.maven.project.MavenProject - Direct modification of compileSourceRoots through clear() is deprecated and will not work in Maven 4.0.0. Please use the add/remove methods instead. If you're using a plugin that causes this warning, please upgrade to the latest version and report an issue if the warning persists. To disable these warnings, set -Dmaven.project.sourceRoots.warningsDisabled=true on the command line, in the .mvn/maven.config file, or in project POM properties.
2026-08-07 10:33:49,220 [Worker-16: Building] WARN  o.apache.maven.project.MavenProject - Direct modification of compileSourceRoots through add() is deprecated and will not work in Maven 4.0.0. Please use the add/remove methods instead. If you're using a plugin that causes this warning, please upgrade to the latest version and report an issue if the warning persists. To disable these warnings, set -Dmaven.project.sourceRoots.warningsDisabled=true on the command line, in the .mvn/maven.config file, or in project POM properties.
2026-08-07 10:33:49,222 [Worker-16: Building] WARN  o.apache.maven.project.MavenProject - Direct modification of testCompileSourceRoots through clear() is deprecated and will not work in Maven 4.0.0. Please use the add/remove methods instead. If you're using a plugin that causes this warning, please upgrade to the latest version and report an issue if the warning persists. To disable these warnings, set -Dmaven.project.sourceRoots.warningsDisabled=true on the command line, in the .mvn/maven.config file, or in project POM properties.
2026-08-07 10:33:49,223 [Worker-16: Building] WARN  o.apache.maven.project.MavenProject - Direct modification of testCompileSourceRoots through add() is deprecated and will not work in Maven 4.0.0. Please use the add/remove methods instead. If you're using a plugin that causes this warning, please upgrade to the latest version and report an issue if the warning persists. To disable these warnings, set -Dmaven.project.sourceRoots.warningsDisabled=true on the command line, in the .mvn/maven.config file, or in project POM properties.
2026-08-07 10:34:58,756 [Worker-12: Building] ERROR o.e.m.c.i.p.r.ProjectRegistryManager - Could not read pom.xml
org.eclipse.core.runtime.CoreException: Could not read pom.xml
	at org.eclipse.m2e.core.internal.IMavenToolbox.readModel(IMavenToolbox.java:245)
	at org.eclipse.m2e.core.internal.project.registry.ProjectRegistryManager.refreshPhase2(ProjectRegistryManager.java:596)
	at org.eclipse.m2e.core.internal.project.registry.ProjectRegistryManager.refresh(ProjectRegistryManager.java:496)
	at org.eclipse.m2e.core.internal.project.registry.ProjectRegistryManager.refresh(ProjectRegistryManager.java:370)
	at org.eclipse.m2e.core.internal.project.registry.ProjectRegistryManager.refresh(ProjectRegistryManager.java:322)
	at org.eclipse.m2e.core.internal.builder.MavenBuilder$BuildMethod.getProjectFacade(MavenBuilder.java:146)
	at org.eclipse.m2e.core.internal.builder.MavenBuilder$BuildMethod.lambda$0(MavenBuilder.java:84)
	at org.eclipse.m2e.core.internal.embedder.MavenExecutionContext.executeBare(MavenExecutionContext.java:462)
	at org.eclipse.m2e.core.internal.embedder.MavenExecutionContext.execute(MavenExecutionContext.java:342)
	at org.eclipse.m2e.core.internal.embedder.MavenExecutionContext.execute(MavenExecutionContext.java:281)
	at org.eclipse.m2e.core.internal.builder.MavenBuilder$BuildMethod.execute(MavenBuilder.java:83)
	at org.eclipse.m2e.core.internal.builder.MavenBuilder.build(MavenBuilder.java:192)
	at org.eclipse.core.internal.events.BuildManager$2.run(BuildManager.java:1109)
	at org.eclipse.core.runtime.SafeRunner.run(SafeRunner.java:47)
	at org.eclipse.core.internal.events.BuildManager.basicBuild(BuildManager.java:299)
	at org.eclipse.core.internal.events.BuildManager.basicBuild(BuildManager.java:355)
	at org.eclipse.core.internal.events.BuildManager$1.run(BuildManager.java:449)
	at org.eclipse.core.runtime.SafeRunner.run(SafeRunner.java:47)
	at org.eclipse.core.internal.events.BuildManager.basicBuild(BuildManager.java:452)
	at org.eclipse.core.internal.events.BuildManager.basicBuildLoop(BuildManager.java:564)
	at org.eclipse.core.internal.events.BuildManager.basicBuildLoop(BuildManager.java:512)
	at org.eclipse.core.internal.events.BuildManager.build(BuildManager.java:594)
	at org.eclipse.core.internal.events.AutoBuildJob.doBuild(AutoBuildJob.java:208)
	at org.eclipse.core.internal.events.AutoBuildJob.run(AutoBuildJob.java:309)
	at org.eclipse.core.internal.jobs.Worker.run(Worker.java:63)
Caused by: org.apache.maven.model.io.ModelParseException: Duplicated tag: 'dependencies' (position: START_TAG seen ...</dependencies>\r\n  <dependencies>... @44:17) 
	at org.apache.maven.model.io.DefaultModelReader.read(DefaultModelReader.java:96)
	at org.apache.maven.model.io.DefaultModelReader.read(DefaultModelReader.java:74)
	at org.eclipse.m2e.core.internal.IMavenToolbox.readModel(IMavenToolbox.java:243)
	... 24 common frames omitted
Caused by: org.codehaus.plexus.util.xml.pull.XmlPullParserException: Duplicated tag: 'dependencies' (position: START_TAG seen ...</dependencies>\r\n  <dependencies>... @44:17) 
	at org.apache.maven.model.io.xpp3.MavenXpp3Reader.checkFieldWithDuplicate(MavenXpp3Reader.java:159)
	at org.apache.maven.model.io.xpp3.MavenXpp3Reader.parseModel(MavenXpp3Reader.java:2332)
	at org.apache.maven.model.io.xpp3.MavenXpp3Reader.read(MavenXpp3Reader.java:641)
	at org.apache.maven.model.io.xpp3.MavenXpp3Reader.read(MavenXpp3Reader.java:672)
	at org.apache.maven.model.io.DefaultModelReader.read(DefaultModelReader.java:93)
	... 26 common frames omitted
2026-08-07 10:35:00,013 [Worker-5: Building] ERROR o.e.m.c.i.p.r.ProjectRegistryManager - Could not read pom.xml
org.eclipse.core.runtime.CoreException: Could not read pom.xml
	at org.eclipse.m2e.core.internal.IMavenToolbox.readModel(IMavenToolbox.java:245)
	at org.eclipse.m2e.core.internal.project.registry.ProjectRegistryManager.refreshPhase2(ProjectRegistryManager.java:596)
	at org.eclipse.m2e.core.internal.project.registry.ProjectRegistryManager.refresh(ProjectRegistryManager.java:496)
	at org.eclipse.m2e.core.internal.project.registry.ProjectRegistryManager.refresh(ProjectRegistryManager.java:370)
	at org.eclipse.m2e.core.internal.project.registry.ProjectRegistryManager.refresh(ProjectRegistryManager.java:322)
	at org.eclipse.m2e.core.internal.builder.MavenBuilder$BuildMethod.getProjectFacade(MavenBuilder.java:146)
	at org.eclipse.m2e.core.internal.builder.MavenBuilder$BuildMethod.lambda$0(MavenBuilder.java:84)
	at org.eclipse.m2e.core.internal.embedder.MavenExecutionContext.executeBare(MavenExecutionContext.java:462)
	at org.eclipse.m2e.core.internal.embedder.MavenExecutionContext.execute(MavenExecutionContext.java:342)
	at org.eclipse.m2e.core.internal.embedder.MavenExecutionContext.execute(MavenExecutionContext.java:281)
	at org.eclipse.m2e.core.internal.builder.MavenBuilder$BuildMethod.execute(MavenBuilder.java:83)
	at org.eclipse.m2e.core.internal.builder.MavenBuilder.build(MavenBuilder.java:192)
	at org.eclipse.core.internal.events.BuildManager$2.run(BuildManager.java:1109)
	at org.eclipse.core.runtime.SafeRunner.run(SafeRunner.java:47)
	at org.eclipse.core.internal.events.BuildManager.basicBuild(BuildManager.java:299)
	at org.eclipse.core.internal.events.BuildManager.basicBuild(BuildManager.java:355)
	at org.eclipse.core.internal.events.BuildManager$1.run(BuildManager.java:449)
	at org.eclipse.core.runtime.SafeRunner.run(SafeRunner.java:47)
	at org.eclipse.core.internal.events.BuildManager.basicBuild(BuildManager.java:452)
	at org.eclipse.core.internal.events.BuildManager.basicBuildLoop(BuildManager.java:564)
	at org.eclipse.core.internal.events.BuildManager.basicBuildLoop(BuildManager.java:512)
	at org.eclipse.core.internal.events.BuildManager.build(BuildManager.java:594)
	at org.eclipse.core.internal.events.AutoBuildJob.doBuild(AutoBuildJob.java:208)
	at org.eclipse.core.internal.events.AutoBuildJob.run(AutoBuildJob.java:309)
	at org.eclipse.core.internal.jobs.Worker.run(Worker.java:63)
Caused by: org.apache.maven.model.io.ModelParseException: Duplicated tag: 'dependencies' (position: START_TAG seen ...</dependencies>\r\n  <dependencies>... @44:17) 
	at org.apache.maven.model.io.DefaultModelReader.read(DefaultModelReader.java:96)
	at org.apache.maven.model.io.DefaultModelReader.read(DefaultModelReader.java:74)
	at org.eclipse.m2e.core.internal.IMavenToolbox.readModel(IMavenToolbox.java:243)
	... 24 common frames omitted
Caused by: org.codehaus.plexus.util.xml.pull.XmlPullParserException: Duplicated tag: 'dependencies' (position: START_TAG seen ...</dependencies>\r\n  <dependencies>... @44:17) 
	at org.apache.maven.model.io.xpp3.MavenXpp3Reader.checkFieldWithDuplicate(MavenXpp3Reader.java:159)
	at org.apache.maven.model.io.xpp3.MavenXpp3Reader.parseModel(MavenXpp3Reader.java:2332)
	at org.apache.maven.model.io.xpp3.MavenXpp3Reader.read(MavenXpp3Reader.java:641)
	at org.apache.maven.model.io.xpp3.MavenXpp3Reader.read(MavenXpp3Reader.java:672)
	at org.apache.maven.model.io.DefaultModelReader.read(DefaultModelReader.java:93)
	... 26 common frames omitted
2026-08-07 10:35:08,406 [Worker-14: Building] INFO  o.e.m.c.i.l.LifecycleMappingFactory - Using org.eclipse.m2e.jdt.JarLifecycleMapping lifecycle mapping for MavenProject: com.studentmanagement:StudentManagementAnnotations:0.0.1-SNAPSHOT @ C:\Users\anujv\Desktop\Configuration\StudentManagementAnnotations\pom.xml.
2026-08-07 10:35:08,644 [Worker-14: Building] INFO  o.a.m.s.f.DefaultMavenResourcesFiltering - skip non existing resourceDirectory C:\Users\anujv\Desktop\Configuration\StudentManagementAnnotations\src\main\resources
2026-08-07 10:35:08,647 [Worker-14: Building] INFO  o.a.m.s.f.DefaultMavenResourcesFiltering - skip non existing resourceDirectory C:\Users\anujv\Desktop\Configuration\StudentManagementAnnotations\src\test\resources
2026-08-07 10:35:08,658 [Worker-14: Building] WARN  o.apache.maven.project.MavenProject - Direct modification of compileSourceRoots through clear() is deprecated and will not work in Maven 4.0.0. Please use the add/remove methods instead. If you're using a plugin that causes this warning, please upgrade to the latest version and report an issue if the warning persists. To disable these warnings, set -Dmaven.project.sourceRoots.warningsDisabled=true on the command line, in the .mvn/maven.config file, or in project POM properties.
2026-08-07 10:35:08,659 [Worker-14: Building] WARN  o.apache.maven.project.MavenProject - Direct modification of compileSourceRoots through add() is deprecated and will not work in Maven 4.0.0. Please use the add/remove methods instead. If you're using a plugin that causes this warning, please upgrade to the latest version and report an issue if the warning persists. To disable these warnings, set -Dmaven.project.sourceRoots.warningsDisabled=true on the command line, in the .mvn/maven.config file, or in project POM properties.
2026-08-07 10:35:08,660 [Worker-14: Building] WARN  o.apache.maven.project.MavenProject - Direct modification of testCompileSourceRoots through clear() is deprecated and will not work in Maven 4.0.0. Please use the add/remove methods instead. If you're using a plugin that causes this warning, please upgrade to the latest version and report an issue if the warning persists. To disable these warnings, set -Dmaven.project.sourceRoots.warningsDisabled=true on the command line, in the .mvn/maven.config file, or in project POM properties.
2026-08-07 10:35:08,660 [Worker-14: Building] WARN  o.apache.maven.project.MavenProject - Direct modification of testCompileSourceRoots through add() is deprecated and will not work in Maven 4.0.0. Please use the add/remove methods instead. If you're using a plugin that causes this warning, please upgrade to the latest version and report an issue if the warning persists. To disable these warnings, set -Dmaven.project.sourceRoots.warningsDisabled=true on the command line, in the .mvn/maven.config file, or in project POM properties.
2026-08-07 10:35:09,805 [Worker-7: Building] INFO  o.a.m.s.f.DefaultMavenResourcesFiltering - skip non existing resourceDirectory C:\Users\anujv\Desktop\Configuration\StudentManagementAnnotations\src\main\resources
2026-08-07 10:35:09,808 [Worker-7: Building] INFO  o.a.m.s.f.DefaultMavenResourcesFiltering - skip non existing resourceDirectory C:\Users\anujv\Desktop\Configuration\StudentManagementAnnotations\src\test\resources
2026-08-07 10:35:09,823 [Worker-7: Building] WARN  o.apache.maven.project.MavenProject - Direct modification of compileSourceRoots through clear() is deprecated and will not work in Maven 4.0.0. Please use the add/remove methods instead. If you're using a plugin that causes this warning, please upgrade to the latest version and report an issue if the warning persists. To disable these warnings, set -Dmaven.project.sourceRoots.warningsDisabled=true on the command line, in the .mvn/maven.config file, or in project POM properties.
2026-08-07 10:35:09,824 [Worker-7: Building] WARN  o.apache.maven.project.MavenProject - Direct modification of compileSourceRoots through add() is deprecated and will not work in Maven 4.0.0. Please use the add/remove methods instead. If you're using a plugin that causes this warning, please upgrade to the latest version and report an issue if the warning persists. To disable these warnings, set -Dmaven.project.sourceRoots.warningsDisabled=true on the command line, in the .mvn/maven.config file, or in project POM properties.
2026-08-07 10:35:09,825 [Worker-7: Building] WARN  o.apache.maven.project.MavenProject - Direct modification of testCompileSourceRoots through clear() is deprecated and will not work in Maven 4.0.0. Please use the add/remove methods instead. If you're using a plugin that causes this warning, please upgrade to the latest version and report an issue if the warning persists. To disable these warnings, set -Dmaven.project.sourceRoots.warningsDisabled=true on the command line, in the .mvn/maven.config file, or in project POM properties.
2026-08-07 10:35:09,825 [Worker-7: Building] WARN  o.apache.maven.project.MavenProject - Direct modification of testCompileSourceRoots through add() is deprecated and will not work in Maven 4.0.0. Please use the add/remove methods instead. If you're using a plugin that causes this warning, please upgrade to the latest version and report an issue if the warning persists. To disable these warnings, set -Dmaven.project.sourceRoots.warningsDisabled=true on the command line, in the .mvn/maven.config file, or in project POM properties.
2026-08-07 10:35:16,403 [Worker-16: Building] INFO  o.a.m.s.f.DefaultMavenResourcesFiltering - skip non existing resourceDirectory C:\Users\anujv\Desktop\Configuration\StudentManagementAnnotations\src\main\resources
2026-08-07 10:35:16,406 [Worker-16: Building] INFO  o.a.m.s.f.DefaultMavenResourcesFiltering - skip non existing resourceDirectory C:\Users\anujv\Desktop\Configuration\StudentManagementAnnotations\src\test\resources
2026-08-07 10:35:16,406 [Worker-16: Building] WARN  o.apache.maven.project.MavenProject - Direct modification of compileSourceRoots through clear() is deprecated and will not work in Maven 4.0.0. Please use the add/remove methods instead. If you're using a plugin that causes this warning, please upgrade to the latest version and report an issue if the warning persists. To disable these warnings, set -Dmaven.project.sourceRoots.warningsDisabled=true on the command line, in the .mvn/maven.config file, or in project POM properties.
2026-08-07 10:35:16,407 [Worker-16: Building] WARN  o.apache.maven.project.MavenProject - Direct modification of compileSourceRoots through add() is deprecated and will not work in Maven 4.0.0. Please use the add/remove methods instead. If you're using a plugin that causes this warning, please upgrade to the latest version and report an issue if the warning persists. To disable these warnings, set -Dmaven.project.sourceRoots.warningsDisabled=true on the command line, in the .mvn/maven.config file, or in project POM properties.
2026-08-07 10:35:16,409 [Worker-16: Building] WARN  o.apache.maven.project.MavenProject - Direct modification of testCompileSourceRoots through clear() is deprecated and will not work in Maven 4.0.0. Please use the add/remove methods instead. If you're using a plugin that causes this warning, please upgrade to the latest version and report an issue if the warning persists. To disable these warnings, set -Dmaven.project.sourceRoots.warningsDisabled=true on the command line, in the .mvn/maven.config file, or in project POM properties.
2026-08-07 10:35:16,410 [Worker-16: Building] WARN  o.apache.maven.project.MavenProject - Direct modification of testCompileSourceRoots through add() is deprecated and will not work in Maven 4.0.0. Please use the add/remove methods instead. If you're using a plugin that causes this warning, please upgrade to the latest version and report an issue if the warning persists. To disable these warnings, set -Dmaven.project.sourceRoots.warningsDisabled=true on the command line, in the .mvn/maven.config file, or in project POM properties.
2026-08-07 10:36:32,250 [Worker-18: Launching mavenrun-925b4087-6ba8-4a98-b5f0-665854cbd354] INFO  o.eclipse.m2e.core.internal.Bundles - getClasspathEntries(Bundle=org.eclipse.m2e.maven.runtime_3.9.1101.20251020-1549 [372])
2026-08-07 10:36:32,252 [Worker-18: Launching mavenrun-925b4087-6ba8-4a98-b5f0-665854cbd354] INFO  o.eclipse.m2e.core.internal.Bundles - 	Entry: C:\Users\anujv\Downloads\sts-5.0.1.RELEASE\plugins\org.eclipse.m2e.maven.runtime_3.9.1101.20251020-1549
2026-08-07 10:36:32,253 [Worker-18: Launching mavenrun-925b4087-6ba8-4a98-b5f0-665854cbd354] INFO  o.eclipse.m2e.core.internal.Bundles - 	Entry: C:\Users\anujv\Downloads\sts-5.0.1.RELEASE\plugins\org.eclipse.m2e.maven.runtime_3.9.1101.20251020-1549\jars\aopalliance-1.0.jar
2026-08-07 10:36:32,253 [Worker-18: Launching mavenrun-925b4087-6ba8-4a98-b5f0-665854cbd354] INFO  o.eclipse.m2e.core.internal.Bundles - 	Entry: C:\Users\anujv\Downloads\sts-5.0.1.RELEASE\plugins\org.eclipse.m2e.maven.runtime_3.9.1101.20251020-1549\jars\asm-9.8.jar
2026-08-07 10:36:32,253 [Worker-18: Launching mavenrun-925b4087-6ba8-4a98-b5f0-665854cbd354] INFO  o.eclipse.m2e.core.internal.Bundles - 	Entry: C:\Users\anujv\Downloads\sts-5.0.1.RELEASE\plugins\org.eclipse.m2e.maven.runtime_3.9.1101.20251020-1549\jars\error_prone_annotations-2.38.0.jar
2026-08-07 10:36:32,253 [Worker-18: Launching mavenrun-925b4087-6ba8-4a98-b5f0-665854cbd354] INFO  o.eclipse.m2e.core.internal.Bundles - 	Entry: C:\Users\anujv\Downloads\sts-5.0.1.RELEASE\plugins\org.eclipse.m2e.maven.runtime_3.9.1101.20251020-1549\jars\gson-2.13.1.jar
2026-08-07 10:36:32,254 [Worker-18: Launching mavenrun-925b4087-6ba8-4a98-b5f0-665854cbd354] INFO  o.eclipse.m2e.core.internal.Bundles - 	Entry: C:\Users\anujv\Downloads\sts-5.0.1.RELEASE\plugins\org.eclipse.m2e.maven.runtime_3.9.1101.20251020-1549\jars\guice-5.1.0-classes.jar
2026-08-07 10:36:32,254 [Worker-18: Launching mavenrun-925b4087-6ba8-4a98-b5f0-665854cbd354] INFO  o.eclipse.m2e.core.internal.Bundles - 	Entry: C:\Users\anujv\Downloads\sts-5.0.1.RELEASE\plugins\org.eclipse.m2e.maven.runtime_3.9.1101.20251020-1549\jars\httpclient-4.5.14.jar
2026-08-07 10:36:32,254 [Worker-18: Launching mavenrun-925b4087-6ba8-4a98-b5f0-665854cbd354] INFO  o.eclipse.m2e.core.internal.Bundles - 	Entry: C:\Users\anujv\Downloads\sts-5.0.1.RELEASE\plugins\org.eclipse.m2e.maven.runtime_3.9.1101.20251020-1549\jars\httpcore-4.4.16.jar
2026-08-07 10:36:32,254 [Worker-18: Launching mavenrun-925b4087-6ba8-4a98-b5f0-665854cbd354] INFO  o.eclipse.m2e.core.internal.Bundles - 	Entry: C:\Users\anujv\Downloads\sts-5.0.1.RELEASE\plugins\org.eclipse.m2e.maven.runtime_3.9.1101.20251020-1549\jars\jansi-2.4.2.jar
2026-08-07 10:36:32,254 [Worker-18: Launching mavenrun-925b4087-6ba8-4a98-b5f0-665854cbd354] INFO  o.eclipse.m2e.core.internal.Bundles - 	Entry: C:\Users\anujv\Downloads\sts-5.0.1.RELEASE\plugins\org.eclipse.m2e.maven.runtime_3.9.1101.20251020-1549\jars\jcl-over-slf4j-1.7.36.jar
2026-08-07 10:36:32,254 [Worker-18: Launching mavenrun-925b4087-6ba8-4a98-b5f0-665854cbd354] INFO  o.eclipse.m2e.core.internal.Bundles - 	Entry: C:\Users\anujv\Downloads\sts-5.0.1.RELEASE\plugins\org.eclipse.m2e.maven.runtime_3.9.1101.20251020-1549\jars\maven-artifact-3.9.11.jar
2026-08-07 10:36:32,254 [Worker-18: Launching mavenrun-925b4087-6ba8-4a98-b5f0-665854cbd354] INFO  o.eclipse.m2e.core.internal.Bundles - 	Entry: C:\Users\anujv\Downloads\sts-5.0.1.RELEASE\plugins\org.eclipse.m2e.maven.runtime_3.9.1101.20251020-1549\jars\maven-builder-support-3.9.11.jar
2026-08-07 10:36:32,254 [Worker-18: Launching mavenrun-925b4087-6ba8-4a98-b5f0-665854cbd354] INFO  o.eclipse.m2e.core.internal.Bundles - 	Entry: C:\Users\anujv\Downloads\sts-5.0.1.RELEASE\plugins\org.eclipse.m2e.maven.runtime_3.9.1101.20251020-1549\jars\maven-compat-3.9.11.jar
2026-08-07 10:36:32,254 [Worker-18: Launching mavenrun-925b4087-6ba8-4a98-b5f0-665854cbd354] INFO  o.eclipse.m2e.core.internal.Bundles - 	Entry: C:\Users\anujv\Downloads\sts-5.0.1.RELEASE\plugins\org.eclipse.m2e.maven.runtime_3.9.1101.20251020-1549\jars\maven-core-3.9.11.jar
2026-08-07 10:36:32,256 [Worker-18: Launching mavenrun-925b4087-6ba8-4a98-b5f0-665854cbd354] INFO  o.eclipse.m2e.core.internal.Bundles - 	Entry: C:\Users\anujv\Downloads\sts-5.0.1.RELEASE\plugins\org.eclipse.m2e.maven.runtime_3.9.1101.20251020-1549\jars\maven-embedder-3.9.11.jar
2026-08-07 10:36:32,256 [Worker-18: Launching mavenrun-925b4087-6ba8-4a98-b5f0-665854cbd354] INFO  o.eclipse.m2e.core.internal.Bundles - 	Entry: C:\Users\anujv\Downloads\sts-5.0.1.RELEASE\plugins\org.eclipse.m2e.maven.runtime_3.9.1101.20251020-1549\jars\maven-model-3.9.11.jar
2026-08-07 10:36:32,256 [Worker-18: Launching mavenrun-925b4087-6ba8-4a98-b5f0-665854cbd354] INFO  o.eclipse.m2e.core.internal.Bundles - 	Entry: C:\Users\anujv\Downloads\sts-5.0.1.RELEASE\plugins\org.eclipse.m2e.maven.runtime_3.9.1101.20251020-1549\jars\maven-model-builder-3.9.11.jar
2026-08-07 10:36:32,256 [Worker-18: Launching mavenrun-925b4087-6ba8-4a98-b5f0-665854cbd354] INFO  o.eclipse.m2e.core.internal.Bundles - 	Entry: C:\Users\anujv\Downloads\sts-5.0.1.RELEASE\plugins\org.eclipse.m2e.maven.runtime_3.9.1101.20251020-1549\jars\maven-plugin-api-3.9.11.jar
2026-08-07 10:36:32,256 [Worker-18: Launching mavenrun-925b4087-6ba8-4a98-b5f0-665854cbd354] INFO  o.eclipse.m2e.core.internal.Bundles - 	Entry: C:\Users\anujv\Downloads\sts-5.0.1.RELEASE\plugins\org.eclipse.m2e.maven.runtime_3.9.1101.20251020-1549\jars\maven-repository-metadata-3.9.11.jar
2026-08-07 10:36:32,256 [Worker-18: Launching mavenrun-925b4087-6ba8-4a98-b5f0-665854cbd354] INFO  o.eclipse.m2e.core.internal.Bundles - 	Entry: C:\Users\anujv\Downloads\sts-5.0.1.RELEASE\plugins\org.eclipse.m2e.maven.runtime_3.9.1101.20251020-1549\jars\maven-resolver-api-1.9.24.jar
2026-08-07 10:36:32,257 [Worker-18: Launching mavenrun-925b4087-6ba8-4a98-b5f0-665854cbd354] INFO  o.eclipse.m2e.core.internal.Bundles - 	Entry: C:\Users\anujv\Downloads\sts-5.0.1.RELEASE\plugins\org.eclipse.m2e.maven.runtime_3.9.1101.20251020-1549\jars\maven-resolver-connector-basic-1.9.24.jar
2026-08-07 10:36:32,257 [Worker-18: Launching mavenrun-925b4087-6ba8-4a98-b5f0-665854cbd354] INFO  o.eclipse.m2e.core.internal.Bundles - 	Entry: C:\Users\anujv\Downloads\sts-5.0.1.RELEASE\plugins\org.eclipse.m2e.maven.runtime_3.9.1101.20251020-1549\jars\maven-resolver-impl-1.9.24.jar
2026-08-07 10:36:32,257 [Worker-18: Launching mavenrun-925b4087-6ba8-4a98-b5f0-665854cbd354] INFO  o.eclipse.m2e.core.internal.Bundles - 	Entry: C:\Users\anujv\Downloads\sts-5.0.1.RELEASE\plugins\org.eclipse.m2e.maven.runtime_3.9.1101.20251020-1549\jars\maven-resolver-named-locks-1.9.24.jar
2026-08-07 10:36:32,257 [Worker-18: Launching mavenrun-925b4087-6ba8-4a98-b5f0-665854cbd354] INFO  o.eclipse.m2e.core.internal.Bundles - 	Entry: C:\Users\anujv\Downloads\sts-5.0.1.RELEASE\plugins\org.eclipse.m2e.maven.runtime_3.9.1101.20251020-1549\jars\maven-resolver-provider-3.9.11.jar
2026-08-07 10:36:32,257 [Worker-18: Launching mavenrun-925b4087-6ba8-4a98-b5f0-665854cbd354] INFO  o.eclipse.m2e.core.internal.Bundles - 	Entry: C:\Users\anujv\Downloads\sts-5.0.1.RELEASE\plugins\org.eclipse.m2e.maven.runtime_3.9.1101.20251020-1549\jars\maven-resolver-spi-1.9.24.jar
2026-08-07 10:36:32,257 [Worker-18: Launching mavenrun-925b4087-6ba8-4a98-b5f0-665854cbd354] INFO  o.eclipse.m2e.core.internal.Bundles - 	Entry: C:\Users\anujv\Downloads\sts-5.0.1.RELEASE\plugins\org.eclipse.m2e.maven.runtime_3.9.1101.20251020-1549\jars\maven-resolver-transport-file-1.9.24.jar
2026-08-07 10:36:32,258 [Worker-18: Launching mavenrun-925b4087-6ba8-4a98-b5f0-665854cbd354] INFO  o.eclipse.m2e.core.internal.Bundles - 	Entry: C:\Users\anujv\Downloads\sts-5.0.1.RELEASE\plugins\org.eclipse.m2e.maven.runtime_3.9.1101.20251020-1549\jars\maven-resolver-transport-http-1.9.24.jar
2026-08-07 10:36:32,258 [Worker-18: Launching mavenrun-925b4087-6ba8-4a98-b5f0-665854cbd354] INFO  o.eclipse.m2e.core.internal.Bundles - 	Entry: C:\Users\anujv\Downloads\sts-5.0.1.RELEASE\plugins\org.eclipse.m2e.maven.runtime_3.9.1101.20251020-1549\jars\maven-resolver-transport-wagon-1.9.24.jar
2026-08-07 10:36:32,258 [Worker-18: Launching mavenrun-925b4087-6ba8-4a98-b5f0-665854cbd354] INFO  o.eclipse.m2e.core.internal.Bundles - 	Entry: C:\Users\anujv\Downloads\sts-5.0.1.RELEASE\plugins\org.eclipse.m2e.maven.runtime_3.9.1101.20251020-1549\jars\maven-resolver-util-1.9.24.jar
2026-08-07 10:36:32,258 [Worker-18: Launching mavenrun-925b4087-6ba8-4a98-b5f0-665854cbd354] INFO  o.eclipse.m2e.core.internal.Bundles - 	Entry: C:\Users\anujv\Downloads\sts-5.0.1.RELEASE\plugins\org.eclipse.m2e.maven.runtime_3.9.1101.20251020-1549\jars\maven-settings-3.9.11.jar
2026-08-07 10:36:32,258 [Worker-18: Launching mavenrun-925b4087-6ba8-4a98-b5f0-665854cbd354] INFO  o.eclipse.m2e.core.internal.Bundles - 	Entry: C:\Users\anujv\Downloads\sts-5.0.1.RELEASE\plugins\org.eclipse.m2e.maven.runtime_3.9.1101.20251020-1549\jars\maven-settings-builder-3.9.11.jar
2026-08-07 10:36:32,258 [Worker-18: Launching mavenrun-925b4087-6ba8-4a98-b5f0-665854cbd354] INFO  o.eclipse.m2e.core.internal.Bundles - 	Entry: C:\Users\anujv\Downloads\sts-5.0.1.RELEASE\plugins\org.eclipse.m2e.maven.runtime_3.9.1101.20251020-1549\jars\maven-shared-utils-3.4.2.jar
2026-08-07 10:36:32,258 [Worker-18: Launching mavenrun-925b4087-6ba8-4a98-b5f0-665854cbd354] INFO  o.eclipse.m2e.core.internal.Bundles - 	Entry: C:\Users\anujv\Downloads\sts-5.0.1.RELEASE\plugins\org.eclipse.m2e.maven.runtime_3.9.1101.20251020-1549\jars\org.eclipse.sisu.inject-0.9.0.M4.jar
2026-08-07 10:36:32,258 [Worker-18: Launching mavenrun-925b4087-6ba8-4a98-b5f0-665854cbd354] INFO  o.eclipse.m2e.core.internal.Bundles - 	Entry: C:\Users\anujv\Downloads\sts-5.0.1.RELEASE\plugins\org.eclipse.m2e.maven.runtime_3.9.1101.20251020-1549\jars\org.eclipse.sisu.plexus-0.9.0.M4.jar
2026-08-07 10:36:32,259 [Worker-18: Launching mavenrun-925b4087-6ba8-4a98-b5f0-665854cbd354] INFO  o.eclipse.m2e.core.internal.Bundles - 	Entry: C:\Users\anujv\Downloads\sts-5.0.1.RELEASE\plugins\org.eclipse.m2e.maven.runtime_3.9.1101.20251020-1549\jars\plexus-build-api-0.0.7.jar
2026-08-07 10:36:32,259 [Worker-18: Launching mavenrun-925b4087-6ba8-4a98-b5f0-665854cbd354] INFO  o.eclipse.m2e.core.internal.Bundles - 	Entry: C:\Users\anujv\Downloads\sts-5.0.1.RELEASE\plugins\org.eclipse.m2e.maven.runtime_3.9.1101.20251020-1549\jars\plexus-build-api-1.2.0.jar
2026-08-07 10:36:32,259 [Worker-18: Launching mavenrun-925b4087-6ba8-4a98-b5f0-665854cbd354] INFO  o.eclipse.m2e.core.internal.Bundles - 	Entry: C:\Users\anujv\Downloads\sts-5.0.1.RELEASE\plugins\org.eclipse.m2e.maven.runtime_3.9.1101.20251020-1549\jars\plexus-cipher-2.0.jar
2026-08-07 10:36:32,259 [Worker-18: Launching mavenrun-925b4087-6ba8-4a98-b5f0-665854cbd354] INFO  o.eclipse.m2e.core.internal.Bundles - 	Entry: C:\Users\anujv\Downloads\sts-5.0.1.RELEASE\plugins\org.eclipse.m2e.maven.runtime_3.9.1101.20251020-1549\jars\plexus-classworlds-2.9.0.jar
2026-08-07 10:36:32,260 [Worker-18: Launching mavenrun-925b4087-6ba8-4a98-b5f0-665854cbd354] INFO  o.eclipse.m2e.core.internal.Bundles - 	Entry: C:\Users\anujv\Downloads\sts-5.0.1.RELEASE\plugins\org.eclipse.m2e.maven.runtime_3.9.1101.20251020-1549\jars\plexus-component-annotations-2.2.0.jar
2026-08-07 10:36:32,260 [Worker-18: Launching mavenrun-925b4087-6ba8-4a98-b5f0-665854cbd354] INFO  o.eclipse.m2e.core.internal.Bundles - 	Entry: C:\Users\anujv\Downloads\sts-5.0.1.RELEASE\plugins\org.eclipse.m2e.maven.runtime_3.9.1101.20251020-1549\jars\plexus-interpolation-1.28.jar
2026-08-07 10:36:32,260 [Worker-18: Launching mavenrun-925b4087-6ba8-4a98-b5f0-665854cbd354] INFO  o.eclipse.m2e.core.internal.Bundles - 	Entry: C:\Users\anujv\Downloads\sts-5.0.1.RELEASE\plugins\org.eclipse.m2e.maven.runtime_3.9.1101.20251020-1549\jars\plexus-sec-dispatcher-2.0.jar
2026-08-07 10:36:32,260 [Worker-18: Launching mavenrun-925b4087-6ba8-4a98-b5f0-665854cbd354] INFO  o.eclipse.m2e.core.internal.Bundles - 	Entry: C:\Users\anujv\Downloads\sts-5.0.1.RELEASE\plugins\org.eclipse.m2e.maven.runtime_3.9.1101.20251020-1549\jars\plexus-utils-3.6.0.jar
2026-08-07 10:36:32,260 [Worker-18: Launching mavenrun-925b4087-6ba8-4a98-b5f0-665854cbd354] INFO  o.eclipse.m2e.core.internal.Bundles - 	Entry: C:\Users\anujv\Downloads\sts-5.0.1.RELEASE\plugins\org.eclipse.m2e.maven.runtime_3.9.1101.20251020-1549\jars\wagon-file-3.5.3.jar
2026-08-07 10:36:32,260 [Worker-18: Launching mavenrun-925b4087-6ba8-4a98-b5f0-665854cbd354] INFO  o.eclipse.m2e.core.internal.Bundles - 	Entry: C:\Users\anujv\Downloads\sts-5.0.1.RELEASE\plugins\org.eclipse.m2e.maven.runtime_3.9.1101.20251020-1549\jars\wagon-http-3.5.3.jar
2026-08-07 10:36:32,261 [Worker-18: Launching mavenrun-925b4087-6ba8-4a98-b5f0-665854cbd354] INFO  o.eclipse.m2e.core.internal.Bundles - 	Entry: C:\Users\anujv\Downloads\sts-5.0.1.RELEASE\plugins\org.eclipse.m2e.maven.runtime_3.9.1101.20251020-1549\jars\wagon-http-shared-3.5.3.jar
2026-08-07 10:36:32,261 [Worker-18: Launching mavenrun-925b4087-6ba8-4a98-b5f0-665854cbd354] INFO  o.eclipse.m2e.core.internal.Bundles - 	Entry: C:\Users\anujv\Downloads\sts-5.0.1.RELEASE\plugins\org.eclipse.m2e.maven.runtime_3.9.1101.20251020-1549\jars\wagon-provider-api-3.5.3.jar
2026-08-07 10:36:32,261 [Worker-18: Launching mavenrun-925b4087-6ba8-4a98-b5f0-665854cbd354] INFO  o.eclipse.m2e.core.internal.Bundles - getClasspathEntries(Bundle=com.google.guava_33.5.0.jre [31])
2026-08-07 10:36:32,261 [Worker-18: Launching mavenrun-925b4087-6ba8-4a98-b5f0-665854cbd354] INFO  o.eclipse.m2e.core.internal.Bundles - 	Entry: C:\Users\anujv\Downloads\sts-5.0.1.RELEASE\plugins\com.google.guava_33.5.0.jre.jar
2026-08-07 10:36:32,262 [Worker-18: Launching mavenrun-925b4087-6ba8-4a98-b5f0-665854cbd354] INFO  o.eclipse.m2e.core.internal.Bundles - getClasspathEntries(Bundle=slf4j.api_2.0.17 [620])
2026-08-07 10:36:32,262 [Worker-18: Launching mavenrun-925b4087-6ba8-4a98-b5f0-665854cbd354] INFO  o.eclipse.m2e.core.internal.Bundles - 	Entry: C:\Users\anujv\Downloads\sts-5.0.1.RELEASE\plugins\slf4j.api_2.0.17.jar
2026-08-07 10:36:32,262 [Worker-18: Launching mavenrun-925b4087-6ba8-4a98-b5f0-665854cbd354] INFO  o.eclipse.m2e.core.internal.Bundles - getClasspathEntries(Bundle=jakarta.inject.jakarta.inject-api_1.0.5 [46])
2026-08-07 10:36:32,262 [Worker-18: Launching mavenrun-925b4087-6ba8-4a98-b5f0-665854cbd354] INFO  o.eclipse.m2e.core.internal.Bundles - 	Entry: C:\Users\anujv\Downloads\sts-5.0.1.RELEASE\plugins\jakarta.inject.jakarta.inject-api_1.0.5.jar
2026-08-07 10:36:32,262 [Worker-18: Launching mavenrun-925b4087-6ba8-4a98-b5f0-665854cbd354] INFO  o.eclipse.m2e.core.internal.Bundles - getClasspathEntries(Bundle=jakarta.annotation-api_1.3.5 [43])
2026-08-07 10:36:32,263 [Worker-18: Launching mavenrun-925b4087-6ba8-4a98-b5f0-665854cbd354] INFO  o.eclipse.m2e.core.internal.Bundles - 	Entry: C:\Users\anujv\Downloads\sts-5.0.1.RELEASE\plugins\jakarta.annotation-api_1.3.5.jar
2026-08-07 10:36:32,263 [Worker-18: Launching mavenrun-925b4087-6ba8-4a98-b5f0-665854cbd354] INFO  o.eclipse.m2e.core.internal.Bundles - getClasspathEntries(Bundle=org.apache.commons.cli_1.11.0 [85])
2026-08-07 10:36:32,263 [Worker-18: Launching mavenrun-925b4087-6ba8-4a98-b5f0-665854cbd354] INFO  o.eclipse.m2e.core.internal.Bundles - 	Entry: C:\Users\anujv\Downloads\sts-5.0.1.RELEASE\plugins\org.apache.commons.cli_1.11.0.jar
2026-08-07 10:36:32,263 [Worker-18: Launching mavenrun-925b4087-6ba8-4a98-b5f0-665854cbd354] INFO  o.eclipse.m2e.core.internal.Bundles - getClasspathEntries(Bundle=org.apache.commons.commons-codec_1.20.0 [87])
2026-08-07 10:36:32,263 [Worker-18: Launching mavenrun-925b4087-6ba8-4a98-b5f0-665854cbd354] INFO  o.eclipse.m2e.core.internal.Bundles - 	Entry: C:\Users\anujv\Downloads\sts-5.0.1.RELEASE\plugins\org.apache.commons.commons-codec_1.20.0.jar
2026-08-07 10:36:32,263 [Worker-18: Launching mavenrun-925b4087-6ba8-4a98-b5f0-665854cbd354] INFO  o.eclipse.m2e.core.internal.Bundles - getClasspathEntries(Bundle=com.google.guava.failureaccess_1.0.3 [32])
2026-08-07 10:36:32,264 [Worker-18: Launching mavenrun-925b4087-6ba8-4a98-b5f0-665854cbd354] INFO  o.eclipse.m2e.core.internal.Bundles - 	Entry: C:\Users\anujv\Downloads\sts-5.0.1.RELEASE\plugins\com.google.guava.failureaccess_1.0.3.jar
2026-08-07 10:36:32,265 [Worker-18: Launching mavenrun-925b4087-6ba8-4a98-b5f0-665854cbd354] INFO  o.e.m.i.launch.MavenLaunchDelegate - Run build in "C:\Users\anujv\AppData\Local\Temp\m2e-archetypeGenerator13886195165857608805":
2026-08-07 10:36:32,265 [Worker-18: Launching mavenrun-925b4087-6ba8-4a98-b5f0-665854cbd354] INFO  o.e.m.i.launch.MavenLaunchDelegate -  mvn  -DjavaCompilerVersion=17 -DjunitVersion=5.11.0 -DarchetypeGroupId=org.apache.maven.archetypes -DarchetypeArtifactId=maven-archetype-quickstart -DarchetypeVersion=1.5 -DgroupId=com.studentmanagement -DartifactId=StudentManagementJavaConfig -Dversion=0.0.1-SNAPSHOT -Dpackage=com.studentmanagement -DoutputDirectory=C:\Users\anujv\Desktop\Configuration -Dstyle.color=always -U archetype:generate
2026-08-07 10:36:40,682 [Worker-12: Creating maven-archetype-quickstart] INFO  o.e.m.c.i.p.ProjectConfigurationManager - Collecting project info '/pom.xml' C:\Users\anujv\Desktop\Configuration\StudentManagementJavaConfig\pom.xml
2026-08-07 10:36:40,842 [Worker-12: Creating maven-archetype-quickstart] INFO  o.e.m.c.i.l.LifecycleMappingFactory - Using org.eclipse.m2e.jdt.JarLifecycleMapping lifecycle mapping for MavenProject: com.studentmanagement:StudentManagementJavaConfig:0.0.1-SNAPSHOT @ C:\Users\anujv\Desktop\Configuration\StudentManagementJavaConfig\pom.xml.
2026-08-07 10:36:41,027 [Worker-12: Creating maven-archetype-quickstart] INFO  o.e.m.j.i.AbstractJavaProjectConfigurator - Adding source folder /StudentManagementJavaConfig/src/main/java
2026-08-07 10:36:41,028 [Worker-12: Creating maven-archetype-quickstart] INFO  o.e.m.j.i.AbstractJavaProjectConfigurator - Adding resource folder /StudentManagementJavaConfig/src/main/resources
2026-08-07 10:36:41,039 [Worker-12: Creating maven-archetype-quickstart] INFO  o.e.m.j.i.AbstractJavaProjectConfigurator - Adding source folder /StudentManagementJavaConfig/src/test/java
2026-08-07 10:36:41,041 [Worker-12: Creating maven-archetype-quickstart] INFO  o.e.m.j.i.AbstractJavaProjectConfigurator - Adding resource folder /StudentManagementJavaConfig/src/test/resources
2026-08-07 10:36:41,152 [Worker-12: Creating maven-archetype-quickstart] WARN  o.apache.maven.project.MavenProject - Direct modification of compileSourceRoots through clear() is deprecated and will not work in Maven 4.0.0. Please use the add/remove methods instead. If you're using a plugin that causes this warning, please upgrade to the latest version and report an issue if the warning persists. To disable these warnings, set -Dmaven.project.sourceRoots.warningsDisabled=true on the command line, in the .mvn/maven.config file, or in project POM properties.
2026-08-07 10:36:41,153 [Worker-12: Creating maven-archetype-quickstart] WARN  o.apache.maven.project.MavenProject - Direct modification of compileSourceRoots through add() is deprecated and will not work in Maven 4.0.0. Please use the add/remove methods instead. If you're using a plugin that causes this warning, please upgrade to the latest version and report an issue if the warning persists. To disable these warnings, set -Dmaven.project.sourceRoots.warningsDisabled=true on the command line, in the .mvn/maven.config file, or in project POM properties.
2026-08-07 10:36:41,154 [Worker-12: Creating maven-archetype-quickstart] WARN  o.apache.maven.project.MavenProject - Direct modification of testCompileSourceRoots through clear() is deprecated and will not work in Maven 4.0.0. Please use the add/remove methods instead. If you're using a plugin that causes this warning, please upgrade to the latest version and report an issue if the warning persists. To disable these warnings, set -Dmaven.project.sourceRoots.warningsDisabled=true on the command line, in the .mvn/maven.config file, or in project POM properties.
2026-08-07 10:36:41,155 [Worker-12: Creating maven-archetype-quickstart] WARN  o.apache.maven.project.MavenProject - Direct modification of testCompileSourceRoots through add() is deprecated and will not work in Maven 4.0.0. Please use the add/remove methods instead. If you're using a plugin that causes this warning, please upgrade to the latest version and report an issue if the warning persists. To disable these warnings, set -Dmaven.project.sourceRoots.warningsDisabled=true on the command line, in the .mvn/maven.config file, or in project POM properties.
2026-08-07 10:36:41,162 [Worker-12: Creating maven-archetype-quickstart] INFO  o.e.m.c.i.p.ProjectConfigurationManager - Imported and configured 1 project(s) in 0 sec
2026-08-07 10:36:41,699 [Worker-18: Building] INFO  o.a.m.s.f.DefaultMavenResourcesFiltering - skip non existing resourceDirectory C:\Users\anujv\Desktop\Configuration\StudentManagementJavaConfig\src\main\resources
2026-08-07 10:36:41,707 [Worker-18: Building] INFO  o.a.m.s.f.DefaultMavenResourcesFiltering - skip non existing resourceDirectory C:\Users\anujv\Desktop\Configuration\StudentManagementJavaConfig\src\test\resources
2026-08-07 10:36:41,771 [Worker-18: Building] WARN  o.apache.maven.project.MavenProject - Direct modification of compileSourceRoots through clear() is deprecated and will not work in Maven 4.0.0. Please use the add/remove methods instead. If you're using a plugin that causes this warning, please upgrade to the latest version and report an issue if the warning persists. To disable these warnings, set -Dmaven.project.sourceRoots.warningsDisabled=true on the command line, in the .mvn/maven.config file, or in project POM properties.
2026-08-07 10:36:41,774 [Worker-18: Building] WARN  o.apache.maven.project.MavenProject - Direct modification of compileSourceRoots through add() is deprecated and will not work in Maven 4.0.0. Please use the add/remove methods instead. If you're using a plugin that causes this warning, please upgrade to the latest version and report an issue if the warning persists. To disable these warnings, set -Dmaven.project.sourceRoots.warningsDisabled=true on the command line, in the .mvn/maven.config file, or in project POM properties.
2026-08-07 10:36:41,775 [Worker-18: Building] WARN  o.apache.maven.project.MavenProject - Direct modification of testCompileSourceRoots through clear() is deprecated and will not work in Maven 4.0.0. Please use the add/remove methods instead. If you're using a plugin that causes this warning, please upgrade to the latest version and report an issue if the warning persists. To disable these warnings, set -Dmaven.project.sourceRoots.warningsDisabled=true on the command line, in the .mvn/maven.config file, or in project POM properties.
2026-08-07 10:36:41,778 [Worker-18: Building] WARN  o.apache.maven.project.MavenProject - Direct modification of testCompileSourceRoots through add() is deprecated and will not work in Maven 4.0.0. Please use the add/remove methods instead. If you're using a plugin that causes this warning, please upgrade to the latest version and report an issue if the warning persists. To disable these warnings, set -Dmaven.project.sourceRoots.warningsDisabled=true on the command line, in the .mvn/maven.config file, or in project POM properties.
2026-08-07 10:38:08,480 [Worker-20: Building] INFO  o.e.m.c.i.l.LifecycleMappingFactory - Using org.eclipse.m2e.jdt.JarLifecycleMapping lifecycle mapping for MavenProject: com.studentmanagement:StudentManagementJavaConfig:0.0.1-SNAPSHOT @ C:\Users\anujv\Desktop\Configuration\StudentManagementJavaConfig\pom.xml.
2026-08-07 10:38:08,628 [Worker-20: Building] INFO  o.a.m.s.f.DefaultMavenResourcesFiltering - skip non existing resourceDirectory C:\Users\anujv\Desktop\Configuration\StudentManagementJavaConfig\src\main\resources
2026-08-07 10:38:08,636 [Worker-20: Building] INFO  o.a.m.s.f.DefaultMavenResourcesFiltering - skip non existing resourceDirectory C:\Users\anujv\Desktop\Configuration\StudentManagementJavaConfig\src\test\resources
2026-08-07 10:38:08,652 [Worker-20: Building] WARN  o.apache.maven.project.MavenProject - Direct modification of compileSourceRoots through clear() is deprecated and will not work in Maven 4.0.0. Please use the add/remove methods instead. If you're using a plugin that causes this warning, please upgrade to the latest version and report an issue if the warning persists. To disable these warnings, set -Dmaven.project.sourceRoots.warningsDisabled=true on the command line, in the .mvn/maven.config file, or in project POM properties.
2026-08-07 10:38:08,653 [Worker-20: Building] WARN  o.apache.maven.project.MavenProject - Direct modification of compileSourceRoots through add() is deprecated and will not work in Maven 4.0.0. Please use the add/remove methods instead. If you're using a plugin that causes this warning, please upgrade to the latest version and report an issue if the warning persists. To disable these warnings, set -Dmaven.project.sourceRoots.warningsDisabled=true on the command line, in the .mvn/maven.config file, or in project POM properties.
2026-08-07 10:38:08,653 [Worker-20: Building] WARN  o.apache.maven.project.MavenProject - Direct modification of testCompileSourceRoots through clear() is deprecated and will not work in Maven 4.0.0. Please use the add/remove methods instead. If you're using a plugin that causes this warning, please upgrade to the latest version and report an issue if the warning persists. To disable these warnings, set -Dmaven.project.sourceRoots.warningsDisabled=true on the command line, in the .mvn/maven.config file, or in project POM properties.
2026-08-07 10:38:08,655 [Worker-20: Building] WARN  o.apache.maven.project.MavenProject - Direct modification of testCompileSourceRoots through add() is deprecated and will not work in Maven 4.0.0. Please use the add/remove methods instead. If you're using a plugin that causes this warning, please upgrade to the latest version and report an issue if the warning persists. To disable these warnings, set -Dmaven.project.sourceRoots.warningsDisabled=true on the command line, in the .mvn/maven.config file, or in project POM properties.
2026-08-07 10:38:17,968 [Worker-19: Building] INFO  o.a.m.s.f.DefaultMavenResourcesFiltering - skip non existing resourceDirectory C:\Users\anujv\Desktop\Configuration\StudentManagementJavaConfig\src\main\resources
2026-08-07 10:38:17,975 [Worker-19: Building] INFO  o.a.m.s.f.DefaultMavenResourcesFiltering - skip non existing resourceDirectory C:\Users\anujv\Desktop\Configuration\StudentManagementJavaConfig\src\test\resources
2026-08-07 10:38:17,976 [Worker-19: Building] WARN  o.apache.maven.project.MavenProject - Direct modification of compileSourceRoots through clear() is deprecated and will not work in Maven 4.0.0. Please use the add/remove methods instead. If you're using a plugin that causes this warning, please upgrade to the latest version and report an issue if the warning persists. To disable these warnings, set -Dmaven.project.sourceRoots.warningsDisabled=true on the command line, in the .mvn/maven.config file, or in project POM properties.
2026-08-07 10:38:17,978 [Worker-19: Building] WARN  o.apache.maven.project.MavenProject - Direct modification of compileSourceRoots through add() is deprecated and will not work in Maven 4.0.0. Please use the add/remove methods instead. If you're using a plugin that causes this warning, please upgrade to the latest version and report an issue if the warning persists. To disable these warnings, set -Dmaven.project.sourceRoots.warningsDisabled=true on the command line, in the .mvn/maven.config file, or in project POM properties.
2026-08-07 10:38:17,983 [Worker-19: Building] WARN  o.apache.maven.project.MavenProject - Direct modification of testCompileSourceRoots through clear() is deprecated and will not work in Maven 4.0.0. Please use the add/remove methods instead. If you're using a plugin that causes this warning, please upgrade to the latest version and report an issue if the warning persists. To disable these warnings, set -Dmaven.project.sourceRoots.warningsDisabled=true on the command line, in the .mvn/maven.config file, or in project POM properties.
2026-08-07 10:38:17,986 [Worker-19: Building] WARN  o.apache.maven.project.MavenProject - Direct modification of testCompileSourceRoots through add() is deprecated and will not work in Maven 4.0.0. Please use the add/remove methods instead. If you're using a plugin that causes this warning, please upgrade to the latest version and report an issue if the warning persists. To disable these warnings, set -Dmaven.project.sourceRoots.warningsDisabled=true on the command line, in the .mvn/maven.config file, or in project POM properties.
2026-08-07 10:38:26,689 [Worker-20: Building] INFO  o.a.m.s.f.DefaultMavenResourcesFiltering - skip non existing resourceDirectory C:\Users\anujv\Desktop\Configuration\StudentManagementJavaConfig\src\main\resources
2026-08-07 10:38:26,692 [Worker-20: Building] INFO  o.a.m.s.f.DefaultMavenResourcesFiltering - skip non existing resourceDirectory C:\Users\anujv\Desktop\Configuration\StudentManagementJavaConfig\src\test\resources
2026-08-07 10:38:26,692 [Worker-20: Building] WARN  o.apache.maven.project.MavenProject - Direct modification of compileSourceRoots through clear() is deprecated and will not work in Maven 4.0.0. Please use the add/remove methods instead. If you're using a plugin that causes this warning, please upgrade to the latest version and report an issue if the warning persists. To disable these warnings, set -Dmaven.project.sourceRoots.warningsDisabled=true on the command line, in the .mvn/maven.config file, or in project POM properties.
2026-08-07 10:38:26,694 [Worker-20: Building] WARN  o.apache.maven.project.MavenProject - Direct modification of compileSourceRoots through add() is deprecated and will not work in Maven 4.0.0. Please use the add/remove methods instead. If you're using a plugin that causes this warning, please upgrade to the latest version and report an issue if the warning persists. To disable these warnings, set -Dmaven.project.sourceRoots.warningsDisabled=true on the command line, in the .mvn/maven.config file, or in project POM properties.
2026-08-07 10:38:26,695 [Worker-20: Building] WARN  o.apache.maven.project.MavenProject - Direct modification of testCompileSourceRoots through clear() is deprecated and will not work in Maven 4.0.0. Please use the add/remove methods instead. If you're using a plugin that causes this warning, please upgrade to the latest version and report an issue if the warning persists. To disable these warnings, set -Dmaven.project.sourceRoots.warningsDisabled=true on the command line, in the .mvn/maven.config file, or in project POM properties.
2026-08-07 10:38:26,697 [Worker-20: Building] WARN  o.apache.maven.project.MavenProject - Direct modification of testCompileSourceRoots through add() is deprecated and will not work in Maven 4.0.0. Please use the add/remove methods instead. If you're using a plugin that causes this warning, please upgrade to the latest version and report an issue if the warning persists. To disable these warnings, set -Dmaven.project.sourceRoots.warningsDisabled=true on the command line, in the .mvn/maven.config file, or in project POM properties.
2026-08-07 10:38:36,937 [Worker-20: Building] INFO  o.a.m.s.f.DefaultMavenResourcesFiltering - skip non existing resourceDirectory C:\Users\anujv\Desktop\Configuration\StudentManagementJavaConfig\src\main\resources
2026-08-07 10:38:36,943 [Worker-20: Building] INFO  o.a.m.s.f.DefaultMavenResourcesFiltering - skip non existing resourceDirectory C:\Users\anujv\Desktop\Configuration\StudentManagementJavaConfig\src\test\resources
2026-08-07 10:38:36,943 [Worker-20: Building] WARN  o.apache.maven.project.MavenProject - Direct modification of compileSourceRoots through clear() is deprecated and will not work in Maven 4.0.0. Please use the add/remove methods instead. If you're using a plugin that causes this warning, please upgrade to the latest version and report an issue if the warning persists. To disable these warnings, set -Dmaven.project.sourceRoots.warningsDisabled=true on the command line, in the .mvn/maven.config file, or in project POM properties.
2026-08-07 10:38:36,944 [Worker-20: Building] WARN  o.apache.maven.project.MavenProject - Direct modification of compileSourceRoots through add() is deprecated and will not work in Maven 4.0.0. Please use the add/remove methods instead. If you're using a plugin that causes this warning, please upgrade to the latest version and report an issue if the warning persists. To disable these warnings, set -Dmaven.project.sourceRoots.warningsDisabled=true on the command line, in the .mvn/maven.config file, or in project POM properties.
2026-08-07 10:38:36,946 [Worker-20: Building] WARN  o.apache.maven.project.MavenProject - Direct modification of testCompileSourceRoots through clear() is deprecated and will not work in Maven 4.0.0. Please use the add/remove methods instead. If you're using a plugin that causes this warning, please upgrade to the latest version and report an issue if the warning persists. To disable these warnings, set -Dmaven.project.sourceRoots.warningsDisabled=true on the command line, in the .mvn/maven.config file, or in project POM properties.
2026-08-07 10:38:36,947 [Worker-20: Building] WARN  o.apache.maven.project.MavenProject - Direct modification of testCompileSourceRoots through add() is deprecated and will not work in Maven 4.0.0. Please use the add/remove methods instead. If you're using a plugin that causes this warning, please upgrade to the latest version and report an issue if the warning persists. To disable these warnings, set -Dmaven.project.sourceRoots.warningsDisabled=true on the command line, in the .mvn/maven.config file, or in project POM properties.
2026-08-07 10:38:45,665 [Worker-12: Building] INFO  o.a.m.s.f.DefaultMavenResourcesFiltering - skip non existing resourceDirectory C:\Users\anujv\Desktop\Configuration\StudentManagementJavaConfig\src\main\resources
2026-08-07 10:38:45,668 [Worker-12: Building] INFO  o.a.m.s.f.DefaultMavenResourcesFiltering - skip non existing resourceDirectory C:\Users\anujv\Desktop\Configuration\StudentManagementJavaConfig\src\test\resources
2026-08-07 10:38:45,669 [Worker-12: Building] WARN  o.apache.maven.project.MavenProject - Direct modification of compileSourceRoots through clear() is deprecated and will not work in Maven 4.0.0. Please use the add/remove methods instead. If you're using a plugin that causes this warning, please upgrade to the latest version and report an issue if the warning persists. To disable these warnings, set -Dmaven.project.sourceRoots.warningsDisabled=true on the command line, in the .mvn/maven.config file, or in project POM properties.
2026-08-07 10:38:45,669 [Worker-12: Building] WARN  o.apache.maven.project.MavenProject - Direct modification of compileSourceRoots through add() is deprecated and will not work in Maven 4.0.0. Please use the add/remove methods instead. If you're using a plugin that causes this warning, please upgrade to the latest version and report an issue if the warning persists. To disable these warnings, set -Dmaven.project.sourceRoots.warningsDisabled=true on the command line, in the .mvn/maven.config file, or in project POM properties.
2026-08-07 10:38:45,670 [Worker-12: Building] WARN  o.apache.maven.project.MavenProject - Direct modification of testCompileSourceRoots through clear() is deprecated and will not work in Maven 4.0.0. Please use the add/remove methods instead. If you're using a plugin that causes this warning, please upgrade to the latest version and report an issue if the warning persists. To disable these warnings, set -Dmaven.project.sourceRoots.warningsDisabled=true on the command line, in the .mvn/maven.config file, or in project POM properties.
2026-08-07 10:38:45,670 [Worker-12: Building] WARN  o.apache.maven.project.MavenProject - Direct modification of testCompileSourceRoots through add() is deprecated and will not work in Maven 4.0.0. Please use the add/remove methods instead. If you're using a plugin that causes this warning, please upgrade to the latest version and report an issue if the warning persists. To disable these warnings, set -Dmaven.project.sourceRoots.warningsDisabled=true on the command line, in the .mvn/maven.config file, or in project POM properties.
2026-08-07 10:39:02,369 [Worker-22: Building] INFO  o.a.m.s.f.DefaultMavenResourcesFiltering - skip non existing resourceDirectory C:\Users\anujv\Desktop\Configuration\StudentManagementJavaConfig\src\main\resources
2026-08-07 10:39:02,372 [Worker-22: Building] INFO  o.a.m.s.f.DefaultMavenResourcesFiltering - skip non existing resourceDirectory C:\Users\anujv\Desktop\Configuration\StudentManagementJavaConfig\src\test\resources
2026-08-07 10:39:02,373 [Worker-22: Building] WARN  o.apache.maven.project.MavenProject - Direct modification of compileSourceRoots through clear() is deprecated and will not work in Maven 4.0.0. Please use the add/remove methods instead. If you're using a plugin that causes this warning, please upgrade to the latest version and report an issue if the warning persists. To disable these warnings, set -Dmaven.project.sourceRoots.warningsDisabled=true on the command line, in the .mvn/maven.config file, or in project POM properties.
2026-08-07 10:39:02,375 [Worker-22: Building] WARN  o.apache.maven.project.MavenProject - Direct modification of compileSourceRoots through add() is deprecated and will not work in Maven 4.0.0. Please use the add/remove methods instead. If you're using a plugin that causes this warning, please upgrade to the latest version and report an issue if the warning persists. To disable these warnings, set -Dmaven.project.sourceRoots.warningsDisabled=true on the command line, in the .mvn/maven.config file, or in project POM properties.
2026-08-07 10:39:02,377 [Worker-22: Building] WARN  o.apache.maven.project.MavenProject - Direct modification of testCompileSourceRoots through clear() is deprecated and will not work in Maven 4.0.0. Please use the add/remove methods instead. If you're using a plugin that causes this warning, please upgrade to the latest version and report an issue if the warning persists. To disable these warnings, set -Dmaven.project.sourceRoots.warningsDisabled=true on the command line, in the .mvn/maven.config file, or in project POM properties.
2026-08-07 10:39:02,379 [Worker-22: Building] WARN  o.apache.maven.project.MavenProject - Direct modification of testCompileSourceRoots through add() is deprecated and will not work in Maven 4.0.0. Please use the add/remove methods instead. If you're using a plugin that causes this warning, please upgrade to the latest version and report an issue if the warning persists. To disable these warnings, set -Dmaven.project.sourceRoots.warningsDisabled=true on the command line, in the .mvn/maven.config file, or in project POM properties.
2026-08-07 10:39:55,263 [Worker-12: Updating Maven Project] INFO  o.e.m.c.i.p.ProjectConfigurationManager - Update started
2026-08-07 10:39:55,364 [Worker-12: Updating Maven Project] INFO  o.e.m.c.i.l.LifecycleMappingFactory - Using org.eclipse.m2e.jdt.JarLifecycleMapping lifecycle mapping for MavenProject: com.studentmanagement:StudentManagementJavaConfig:0.0.1-SNAPSHOT @ C:\Users\anujv\Desktop\Configuration\StudentManagementJavaConfig\pom.xml.
2026-08-07 10:39:55,448 [Worker-12: Updating Maven Project] INFO  o.e.m.j.i.AbstractJavaProjectConfigurator - Adding source folder /StudentManagementJavaConfig/src/main/java
2026-08-07 10:39:55,449 [Worker-12: Updating Maven Project] INFO  o.e.m.j.i.AbstractJavaProjectConfigurator - Adding resource folder /StudentManagementJavaConfig/src/main/resources
2026-08-07 10:39:55,450 [Worker-12: Updating Maven Project] INFO  o.e.m.j.i.AbstractJavaProjectConfigurator - Adding source folder /StudentManagementJavaConfig/src/test/java
2026-08-07 10:39:55,450 [Worker-12: Updating Maven Project] INFO  o.e.m.j.i.AbstractJavaProjectConfigurator - Adding resource folder /StudentManagementJavaConfig/src/test/resources
2026-08-07 10:39:55,484 [Worker-12: Updating Maven Project] WARN  o.apache.maven.project.MavenProject - Direct modification of compileSourceRoots through clear() is deprecated and will not work in Maven 4.0.0. Please use the add/remove methods instead. If you're using a plugin that causes this warning, please upgrade to the latest version and report an issue if the warning persists. To disable these warnings, set -Dmaven.project.sourceRoots.warningsDisabled=true on the command line, in the .mvn/maven.config file, or in project POM properties.
2026-08-07 10:39:55,485 [Worker-12: Updating Maven Project] WARN  o.apache.maven.project.MavenProject - Direct modification of compileSourceRoots through add() is deprecated and will not work in Maven 4.0.0. Please use the add/remove methods instead. If you're using a plugin that causes this warning, please upgrade to the latest version and report an issue if the warning persists. To disable these warnings, set -Dmaven.project.sourceRoots.warningsDisabled=true on the command line, in the .mvn/maven.config file, or in project POM properties.
2026-08-07 10:39:55,486 [Worker-12: Updating Maven Project] WARN  o.apache.maven.project.MavenProject - Direct modification of testCompileSourceRoots through clear() is deprecated and will not work in Maven 4.0.0. Please use the add/remove methods instead. If you're using a plugin that causes this warning, please upgrade to the latest version and report an issue if the warning persists. To disable these warnings, set -Dmaven.project.sourceRoots.warningsDisabled=true on the command line, in the .mvn/maven.config file, or in project POM properties.
2026-08-07 10:39:55,486 [Worker-12: Updating Maven Project] WARN  o.apache.maven.project.MavenProject - Direct modification of testCompileSourceRoots through add() is deprecated and will not work in Maven 4.0.0. Please use the add/remove methods instead. If you're using a plugin that causes this warning, please upgrade to the latest version and report an issue if the warning persists. To disable these warnings, set -Dmaven.project.sourceRoots.warningsDisabled=true on the command line, in the .mvn/maven.config file, or in project POM properties.
2026-08-07 10:39:55,533 [Worker-12: Updating Maven Project] INFO  o.e.m.c.i.p.ProjectConfigurationManager - Update completed for 1 poms: local refresh takes 0.00 sec, refresh facades takes 0.00 sec, update config takes 0.00 sec 
2026-08-07 10:39:55,774 [Worker-19: Building] INFO  o.a.m.s.f.DefaultMavenResourcesFiltering - skip non existing resourceDirectory C:\Users\anujv\Desktop\Configuration\StudentManagementJavaConfig\src\main\resources
2026-08-07 10:39:55,778 [Worker-19: Building] INFO  o.a.m.s.f.DefaultMavenResourcesFiltering - skip non existing resourceDirectory C:\Users\anujv\Desktop\Configuration\StudentManagementJavaConfig\src\test\resources
2026-08-07 10:39:55,788 [Worker-19: Building] WARN  o.apache.maven.project.MavenProject - Direct modification of compileSourceRoots through clear() is deprecated and will not work in Maven 4.0.0. Please use the add/remove methods instead. If you're using a plugin that causes this warning, please upgrade to the latest version and report an issue if the warning persists. To disable these warnings, set -Dmaven.project.sourceRoots.warningsDisabled=true on the command line, in the .mvn/maven.config file, or in project POM properties.
2026-08-07 10:39:55,789 [Worker-19: Building] WARN  o.apache.maven.project.MavenProject - Direct modification of compileSourceRoots through add() is deprecated and will not work in Maven 4.0.0. Please use the add/remove methods instead. If you're using a plugin that causes this warning, please upgrade to the latest version and report an issue if the warning persists. To disable these warnings, set -Dmaven.project.sourceRoots.warningsDisabled=true on the command line, in the .mvn/maven.config file, or in project POM properties.
2026-08-07 10:39:55,790 [Worker-19: Building] WARN  o.apache.maven.project.MavenProject - Direct modification of testCompileSourceRoots through clear() is deprecated and will not work in Maven 4.0.0. Please use the add/remove methods instead. If you're using a plugin that causes this warning, please upgrade to the latest version and report an issue if the warning persists. To disable these warnings, set -Dmaven.project.sourceRoots.warningsDisabled=true on the command line, in the .mvn/maven.config file, or in project POM properties.
2026-08-07 10:39:55,790 [Worker-19: Building] WARN  o.apache.maven.project.MavenProject - Direct modification of testCompileSourceRoots through add() is deprecated and will not work in Maven 4.0.0. Please use the add/remove methods instead. If you're using a plugin that causes this warning, please upgrade to the latest version and report an issue if the warning persists. To disable these warnings, set -Dmaven.project.sourceRoots.warningsDisabled=true on the command line, in the .mvn/maven.config file, or in project POM properties.
2026-08-07 10:41:35,820 [Worker-7: Building] INFO  o.e.m.c.i.l.LifecycleMappingFactory - Using org.eclipse.m2e.jdt.JarLifecycleMapping lifecycle mapping for MavenProject: com.studentmanagement:StudentManagementJavaConfig:0.0.1-SNAPSHOT @ C:\Users\anujv\Desktop\Configuration\StudentManagementJavaConfig\pom.xml.
2026-08-07 10:41:36,101 [Worker-7: Building] INFO  o.e.m.c.i.e.AbstractTransferListenerAdapter - Downloading https://repo.maven.apache.org/maven2/org/junit/jupiter/junit-jupiter/5.11.0/junit-jupiter-5.11.0.pom
2026-08-07 10:41:36,134 [Worker-7: Building] INFO  o.e.m.c.i.e.AbstractTransferListenerAdapter - Downloaded https://repo.maven.apache.org/maven2/org/junit/jupiter/junit-jupiter/5.11.0/junit-jupiter-5.11.0.pom
2026-08-07 10:41:36,179 [Worker-7: Building] INFO  o.e.m.c.i.e.AbstractTransferListenerAdapter - Downloading https://repo.maven.apache.org/maven2/org/junit/jupiter/junit-jupiter-engine/5.11.0/junit-jupiter-engine-5.11.0.pom
2026-08-07 10:41:36,207 [Worker-7: Building] INFO  o.e.m.c.i.e.AbstractTransferListenerAdapter - Downloaded https://repo.maven.apache.org/maven2/org/junit/jupiter/junit-jupiter-engine/5.11.0/junit-jupiter-engine-5.11.0.pom
2026-08-07 10:41:36,266 [Worker-7: Building] INFO  o.e.m.c.i.e.AbstractTransferListenerAdapter - Downloading https://repo.maven.apache.org/maven2/org/junit/platform/junit-platform-engine/1.11.0/junit-platform-engine-1.11.0.pom
2026-08-07 10:41:36,291 [Worker-7: Building] INFO  o.e.m.c.i.e.AbstractTransferListenerAdapter - Downloaded https://repo.maven.apache.org/maven2/org/junit/platform/junit-platform-engine/1.11.0/junit-platform-engine-1.11.0.pom
2026-08-07 10:41:36,354 [Worker-7: Building] INFO  o.e.m.c.i.e.AbstractTransferListenerAdapter - Downloading https://repo.maven.apache.org/maven2/org/junit/jupiter/junit-jupiter/5.11.0/junit-jupiter-5.11.0.jar
2026-08-07 10:41:36,415 [Worker-7: Building] INFO  o.e.m.c.i.e.AbstractTransferListenerAdapter - Downloaded https://repo.maven.apache.org/maven2/org/junit/jupiter/junit-jupiter/5.11.0/junit-jupiter-5.11.0.jar
2026-08-07 10:41:36,662 [Worker-7: Building] INFO  o.a.m.s.f.DefaultMavenResourcesFiltering - skip non existing resourceDirectory C:\Users\anujv\Desktop\Configuration\StudentManagementJavaConfig\src\main\resources
2026-08-07 10:41:36,665 [Worker-7: Building] INFO  o.a.m.s.f.DefaultMavenResourcesFiltering - skip non existing resourceDirectory C:\Users\anujv\Desktop\Configuration\StudentManagementJavaConfig\src\test\resources
2026-08-07 10:41:36,690 [Worker-7: Building] WARN  o.apache.maven.project.MavenProject - Direct modification of compileSourceRoots through clear() is deprecated and will not work in Maven 4.0.0. Please use the add/remove methods instead. If you're using a plugin that causes this warning, please upgrade to the latest version and report an issue if the warning persists. To disable these warnings, set -Dmaven.project.sourceRoots.warningsDisabled=true on the command line, in the .mvn/maven.config file, or in project POM properties.
2026-08-07 10:41:36,691 [Worker-7: Building] WARN  o.apache.maven.project.MavenProject - Direct modification of compileSourceRoots through add() is deprecated and will not work in Maven 4.0.0. Please use the add/remove methods instead. If you're using a plugin that causes this warning, please upgrade to the latest version and report an issue if the warning persists. To disable these warnings, set -Dmaven.project.sourceRoots.warningsDisabled=true on the command line, in the .mvn/maven.config file, or in project POM properties.
2026-08-07 10:41:36,692 [Worker-7: Building] WARN  o.apache.maven.project.MavenProject - Direct modification of testCompileSourceRoots through clear() is deprecated and will not work in Maven 4.0.0. Please use the add/remove methods instead. If you're using a plugin that causes this warning, please upgrade to the latest version and report an issue if the warning persists. To disable these warnings, set -Dmaven.project.sourceRoots.warningsDisabled=true on the command line, in the .mvn/maven.config file, or in project POM properties.
2026-08-07 10:41:36,692 [Worker-7: Building] WARN  o.apache.maven.project.MavenProject - Direct modification of testCompileSourceRoots through add() is deprecated and will not work in Maven 4.0.0. Please use the add/remove methods instead. If you're using a plugin that causes this warning, please upgrade to the latest version and report an issue if the warning persists. To disable these warnings, set -Dmaven.project.sourceRoots.warningsDisabled=true on the command line, in the .mvn/maven.config file, or in project POM properties.
2026-08-07 10:41:36,791 [Worker-12: Updating Maven Project] INFO  o.e.m.c.i.p.ProjectConfigurationManager - Update started
2026-08-07 10:41:36,978 [Worker-12: Updating Maven Project] INFO  o.e.m.c.i.l.LifecycleMappingFactory - Using org.eclipse.m2e.jdt.JarLifecycleMapping lifecycle mapping for MavenProject: com.studentmanagement:StudentManagementJavaConfig:0.0.1-SNAPSHOT @ C:\Users\anujv\Desktop\Configuration\StudentManagementJavaConfig\pom.xml.
2026-08-07 10:41:37,478 [Worker-12: Updating Maven Project] INFO  o.e.m.j.i.AbstractJavaProjectConfigurator - Adding source folder /StudentManagementJavaConfig/src/main/java
2026-08-07 10:41:37,479 [Worker-12: Updating Maven Project] INFO  o.e.m.j.i.AbstractJavaProjectConfigurator - Adding resource folder /StudentManagementJavaConfig/src/main/resources
2026-08-07 10:41:37,480 [Worker-12: Updating Maven Project] INFO  o.e.m.j.i.AbstractJavaProjectConfigurator - Adding source folder /StudentManagementJavaConfig/src/test/java
2026-08-07 10:41:37,481 [Worker-12: Updating Maven Project] INFO  o.e.m.j.i.AbstractJavaProjectConfigurator - Adding resource folder /StudentManagementJavaConfig/src/test/resources
2026-08-07 10:41:37,555 [Worker-12: Updating Maven Project] WARN  o.apache.maven.project.MavenProject - Direct modification of compileSourceRoots through clear() is deprecated and will not work in Maven 4.0.0. Please use the add/remove methods instead. If you're using a plugin that causes this warning, please upgrade to the latest version and report an issue if the warning persists. To disable these warnings, set -Dmaven.project.sourceRoots.warningsDisabled=true on the command line, in the .mvn/maven.config file, or in project POM properties.
2026-08-07 10:41:37,555 [Worker-12: Updating Maven Project] WARN  o.apache.maven.project.MavenProject - Direct modification of compileSourceRoots through add() is deprecated and will not work in Maven 4.0.0. Please use the add/remove methods instead. If you're using a plugin that causes this warning, please upgrade to the latest version and report an issue if the warning persists. To disable these warnings, set -Dmaven.project.sourceRoots.warningsDisabled=true on the command line, in the .mvn/maven.config file, or in project POM properties.
2026-08-07 10:41:37,556 [Worker-12: Updating Maven Project] WARN  o.apache.maven.project.MavenProject - Direct modification of testCompileSourceRoots through clear() is deprecated and will not work in Maven 4.0.0. Please use the add/remove methods instead. If you're using a plugin that causes this warning, please upgrade to the latest version and report an issue if the warning persists. To disable these warnings, set -Dmaven.project.sourceRoots.warningsDisabled=true on the command line, in the .mvn/maven.config file, or in project POM properties.
2026-08-07 10:41:37,557 [Worker-12: Updating Maven Project] WARN  o.apache.maven.project.MavenProject - Direct modification of testCompileSourceRoots through add() is deprecated and will not work in Maven 4.0.0. Please use the add/remove methods instead. If you're using a plugin that causes this warning, please upgrade to the latest version and report an issue if the warning persists. To disable these warnings, set -Dmaven.project.sourceRoots.warningsDisabled=true on the command line, in the .mvn/maven.config file, or in project POM properties.
2026-08-07 10:41:37,601 [Worker-12: Updating Maven Project] INFO  o.e.m.c.i.p.ProjectConfigurationManager - Update completed for 1 poms: local refresh takes 0.00 sec, refresh facades takes 0.00 sec, update config takes 0.00 sec 
2026-08-07 10:41:37,700 [Worker-24: Download sources and javadoc] INFO  o.e.m.c.i.e.AbstractTransferListenerAdapter - Downloading https://repo.maven.apache.org/maven2/org/junit/jupiter/junit-jupiter/5.11.0/junit-jupiter-5.11.0-sources.jar
2026-08-07 10:41:37,750 [Worker-24: Download sources and javadoc] INFO  o.e.m.c.i.e.AbstractTransferListenerAdapter - Downloaded https://repo.maven.apache.org/maven2/org/junit/jupiter/junit-jupiter/5.11.0/junit-jupiter-5.11.0-sources.jar
2026-08-07 10:41:37,755 [Worker-24: Download sources and javadoc] INFO  o.e.m.j.internal.DownloadSourcesJob - Downloaded sources for org.junit.jupiter:junit-jupiter:5.11.0
2026-08-07 10:41:37,856 [Worker-24: Download sources and javadoc] INFO  o.e.m.c.i.e.AbstractTransferListenerAdapter - Downloading https://repo.maven.apache.org/maven2/org/junit/jupiter/junit-jupiter-engine/5.11.0/junit-jupiter-engine-5.11.0-sources.jar
2026-08-07 10:41:37,923 [Worker-25: Building] INFO  o.a.m.s.f.DefaultMavenResourcesFiltering - skip non existing resourceDirectory C:\Users\anujv\Desktop\Configuration\StudentManagementJavaConfig\src\main\resources
2026-08-07 10:41:37,925 [Worker-24: Download sources and javadoc] INFO  o.e.m.c.i.e.AbstractTransferListenerAdapter - Downloaded https://repo.maven.apache.org/maven2/org/junit/jupiter/junit-jupiter-engine/5.11.0/junit-jupiter-engine-5.11.0-sources.jar
2026-08-07 10:41:37,931 [Worker-25: Building] INFO  o.a.m.s.f.DefaultMavenResourcesFiltering - skip non existing resourceDirectory C:\Users\anujv\Desktop\Configuration\StudentManagementJavaConfig\src\test\resources
2026-08-07 10:41:37,932 [Worker-24: Download sources and javadoc] INFO  o.e.m.j.internal.DownloadSourcesJob - Downloaded sources for org.junit.jupiter:junit-jupiter-engine:5.11.0
2026-08-07 10:41:37,952 [Worker-25: Building] WARN  o.apache.maven.project.MavenProject - Direct modification of compileSourceRoots through clear() is deprecated and will not work in Maven 4.0.0. Please use the add/remove methods instead. If you're using a plugin that causes this warning, please upgrade to the latest version and report an issue if the warning persists. To disable these warnings, set -Dmaven.project.sourceRoots.warningsDisabled=true on the command line, in the .mvn/maven.config file, or in project POM properties.
2026-08-07 10:41:37,953 [Worker-25: Building] WARN  o.apache.maven.project.MavenProject - Direct modification of compileSourceRoots through add() is deprecated and will not work in Maven 4.0.0. Please use the add/remove methods instead. If you're using a plugin that causes this warning, please upgrade to the latest version and report an issue if the warning persists. To disable these warnings, set -Dmaven.project.sourceRoots.warningsDisabled=true on the command line, in the .mvn/maven.config file, or in project POM properties.
2026-08-07 10:41:37,954 [Worker-25: Building] WARN  o.apache.maven.project.MavenProject - Direct modification of testCompileSourceRoots through clear() is deprecated and will not work in Maven 4.0.0. Please use the add/remove methods instead. If you're using a plugin that causes this warning, please upgrade to the latest version and report an issue if the warning persists. To disable these warnings, set -Dmaven.project.sourceRoots.warningsDisabled=true on the command line, in the .mvn/maven.config file, or in project POM properties.
2026-08-07 10:41:37,954 [Worker-25: Building] WARN  o.apache.maven.project.MavenProject - Direct modification of testCompileSourceRoots through add() is deprecated and will not work in Maven 4.0.0. Please use the add/remove methods instead. If you're using a plugin that causes this warning, please upgrade to the latest version and report an issue if the warning persists. To disable these warnings, set -Dmaven.project.sourceRoots.warningsDisabled=true on the command line, in the .mvn/maven.config file, or in project POM properties.
2026-08-07 10:41:38,033 [Worker-24: Download sources and javadoc] INFO  o.e.m.c.i.e.AbstractTransferListenerAdapter - Downloading https://repo.maven.apache.org/maven2/org/junit/platform/junit-platform-engine/1.11.0/junit-platform-engine-1.11.0-sources.jar
2026-08-07 10:41:38,127 [Worker-24: Download sources and javadoc] INFO  o.e.m.c.i.e.AbstractTransferListenerAdapter - Downloaded https://repo.maven.apache.org/maven2/org/junit/platform/junit-platform-engine/1.11.0/junit-platform-engine-1.11.0-sources.jar
2026-08-07 10:41:38,136 [Worker-24: Download sources and javadoc] INFO  o.e.m.j.internal.DownloadSourcesJob - Downloaded sources for org.junit.platform:junit-platform-engine:1.11.0
2026-08-07 10:41:46,971 [Worker-5: Launching App (1)] INFO  o.a.m.s.f.DefaultMavenResourcesFiltering - skip non existing resourceDirectory C:\Users\anujv\Desktop\Configuration\StudentManagementJavaConfig\src\main\resources
2026-08-07 10:41:46,977 [Worker-5: Launching App (1)] INFO  o.a.m.s.f.DefaultMavenResourcesFiltering - skip non existing resourceDirectory C:\Users\anujv\Desktop\Configuration\StudentManagementJavaConfig\src\test\resources
2026-08-07 10:41:46,977 [Worker-5: Launching App (1)] WARN  o.apache.maven.project.MavenProject - Direct modification of compileSourceRoots through clear() is deprecated and will not work in Maven 4.0.0. Please use the add/remove methods instead. If you're using a plugin that causes this warning, please upgrade to the latest version and report an issue if the warning persists. To disable these warnings, set -Dmaven.project.sourceRoots.warningsDisabled=true on the command line, in the .mvn/maven.config file, or in project POM properties.
2026-08-07 10:41:46,980 [Worker-5: Launching App (1)] WARN  o.apache.maven.project.MavenProject - Direct modification of compileSourceRoots through add() is deprecated and will not work in Maven 4.0.0. Please use the add/remove methods instead. If you're using a plugin that causes this warning, please upgrade to the latest version and report an issue if the warning persists. To disable these warnings, set -Dmaven.project.sourceRoots.warningsDisabled=true on the command line, in the .mvn/maven.config file, or in project POM properties.
2026-08-07 10:41:46,981 [Worker-5: Launching App (1)] WARN  o.apache.maven.project.MavenProject - Direct modification of testCompileSourceRoots through clear() is deprecated and will not work in Maven 4.0.0. Please use the add/remove methods instead. If you're using a plugin that causes this warning, please upgrade to the latest version and report an issue if the warning persists. To disable these warnings, set -Dmaven.project.sourceRoots.warningsDisabled=true on the command line, in the .mvn/maven.config file, or in project POM properties.
2026-08-07 10:41:46,983 [Worker-5: Launching App (1)] WARN  o.apache.maven.project.MavenProject - Direct modification of testCompileSourceRoots through add() is deprecated and will not work in Maven 4.0.0. Please use the add/remove methods instead. If you're using a plugin that causes this warning, please upgrade to the latest version and report an issue if the warning persists. To disable these warnings, set -Dmaven.project.sourceRoots.warningsDisabled=true on the command line, in the .mvn/maven.config file, or in project POM properties.
2026-08-07 10:42:44,693 [Worker-7: Launching mavenrun-7e60c474-f94d-44a2-b7b8-e8982aa201a9] INFO  o.eclipse.m2e.core.internal.Bundles - getClasspathEntries(Bundle=org.eclipse.m2e.maven.runtime_3.9.1101.20251020-1549 [372])
2026-08-07 10:42:44,695 [Worker-7: Launching mavenrun-7e60c474-f94d-44a2-b7b8-e8982aa201a9] INFO  o.eclipse.m2e.core.internal.Bundles - 	Entry: C:\Users\anujv\Downloads\sts-5.0.1.RELEASE\plugins\org.eclipse.m2e.maven.runtime_3.9.1101.20251020-1549
2026-08-07 10:42:44,695 [Worker-7: Launching mavenrun-7e60c474-f94d-44a2-b7b8-e8982aa201a9] INFO  o.eclipse.m2e.core.internal.Bundles - 	Entry: C:\Users\anujv\Downloads\sts-5.0.1.RELEASE\plugins\org.eclipse.m2e.maven.runtime_3.9.1101.20251020-1549\jars\aopalliance-1.0.jar
2026-08-07 10:42:44,696 [Worker-7: Launching mavenrun-7e60c474-f94d-44a2-b7b8-e8982aa201a9] INFO  o.eclipse.m2e.core.internal.Bundles - 	Entry: C:\Users\anujv\Downloads\sts-5.0.1.RELEASE\plugins\org.eclipse.m2e.maven.runtime_3.9.1101.20251020-1549\jars\asm-9.8.jar
2026-08-07 10:42:44,696 [Worker-7: Launching mavenrun-7e60c474-f94d-44a2-b7b8-e8982aa201a9] INFO  o.eclipse.m2e.core.internal.Bundles - 	Entry: C:\Users\anujv\Downloads\sts-5.0.1.RELEASE\plugins\org.eclipse.m2e.maven.runtime_3.9.1101.20251020-1549\jars\error_prone_annotations-2.38.0.jar
2026-08-07 10:42:44,696 [Worker-7: Launching mavenrun-7e60c474-f94d-44a2-b7b8-e8982aa201a9] INFO  o.eclipse.m2e.core.internal.Bundles - 	Entry: C:\Users\anujv\Downloads\sts-5.0.1.RELEASE\plugins\org.eclipse.m2e.maven.runtime_3.9.1101.20251020-1549\jars\gson-2.13.1.jar
2026-08-07 10:42:44,696 [Worker-7: Launching mavenrun-7e60c474-f94d-44a2-b7b8-e8982aa201a9] INFO  o.eclipse.m2e.core.internal.Bundles - 	Entry: C:\Users\anujv\Downloads\sts-5.0.1.RELEASE\plugins\org.eclipse.m2e.maven.runtime_3.9.1101.20251020-1549\jars\guice-5.1.0-classes.jar
2026-08-07 10:42:44,697 [Worker-7: Launching mavenrun-7e60c474-f94d-44a2-b7b8-e8982aa201a9] INFO  o.eclipse.m2e.core.internal.Bundles - 	Entry: C:\Users\anujv\Downloads\sts-5.0.1.RELEASE\plugins\org.eclipse.m2e.maven.runtime_3.9.1101.20251020-1549\jars\httpclient-4.5.14.jar
2026-08-07 10:42:44,697 [Worker-7: Launching mavenrun-7e60c474-f94d-44a2-b7b8-e8982aa201a9] INFO  o.eclipse.m2e.core.internal.Bundles - 	Entry: C:\Users\anujv\Downloads\sts-5.0.1.RELEASE\plugins\org.eclipse.m2e.maven.runtime_3.9.1101.20251020-1549\jars\httpcore-4.4.16.jar
2026-08-07 10:42:44,697 [Worker-7: Launching mavenrun-7e60c474-f94d-44a2-b7b8-e8982aa201a9] INFO  o.eclipse.m2e.core.internal.Bundles - 	Entry: C:\Users\anujv\Downloads\sts-5.0.1.RELEASE\plugins\org.eclipse.m2e.maven.runtime_3.9.1101.20251020-1549\jars\jansi-2.4.2.jar
2026-08-07 10:42:44,697 [Worker-7: Launching mavenrun-7e60c474-f94d-44a2-b7b8-e8982aa201a9] INFO  o.eclipse.m2e.core.internal.Bundles - 	Entry: C:\Users\anujv\Downloads\sts-5.0.1.RELEASE\plugins\org.eclipse.m2e.maven.runtime_3.9.1101.20251020-1549\jars\jcl-over-slf4j-1.7.36.jar
2026-08-07 10:42:44,698 [Worker-7: Launching mavenrun-7e60c474-f94d-44a2-b7b8-e8982aa201a9] INFO  o.eclipse.m2e.core.internal.Bundles - 	Entry: C:\Users\anujv\Downloads\sts-5.0.1.RELEASE\plugins\org.eclipse.m2e.maven.runtime_3.9.1101.20251020-1549\jars\maven-artifact-3.9.11.jar
2026-08-07 10:42:44,698 [Worker-7: Launching mavenrun-7e60c474-f94d-44a2-b7b8-e8982aa201a9] INFO  o.eclipse.m2e.core.internal.Bundles - 	Entry: C:\Users\anujv\Downloads\sts-5.0.1.RELEASE\plugins\org.eclipse.m2e.maven.runtime_3.9.1101.20251020-1549\jars\maven-builder-support-3.9.11.jar
2026-08-07 10:42:44,698 [Worker-7: Launching mavenrun-7e60c474-f94d-44a2-b7b8-e8982aa201a9] INFO  o.eclipse.m2e.core.internal.Bundles - 	Entry: C:\Users\anujv\Downloads\sts-5.0.1.RELEASE\plugins\org.eclipse.m2e.maven.runtime_3.9.1101.20251020-1549\jars\maven-compat-3.9.11.jar
2026-08-07 10:42:44,699 [Worker-7: Launching mavenrun-7e60c474-f94d-44a2-b7b8-e8982aa201a9] INFO  o.eclipse.m2e.core.internal.Bundles - 	Entry: C:\Users\anujv\Downloads\sts-5.0.1.RELEASE\plugins\org.eclipse.m2e.maven.runtime_3.9.1101.20251020-1549\jars\maven-core-3.9.11.jar
2026-08-07 10:42:44,699 [Worker-7: Launching mavenrun-7e60c474-f94d-44a2-b7b8-e8982aa201a9] INFO  o.eclipse.m2e.core.internal.Bundles - 	Entry: C:\Users\anujv\Downloads\sts-5.0.1.RELEASE\plugins\org.eclipse.m2e.maven.runtime_3.9.1101.20251020-1549\jars\maven-embedder-3.9.11.jar
2026-08-07 10:42:44,699 [Worker-7: Launching mavenrun-7e60c474-f94d-44a2-b7b8-e8982aa201a9] INFO  o.eclipse.m2e.core.internal.Bundles - 	Entry: C:\Users\anujv\Downloads\sts-5.0.1.RELEASE\plugins\org.eclipse.m2e.maven.runtime_3.9.1101.20251020-1549\jars\maven-model-3.9.11.jar
2026-08-07 10:42:44,699 [Worker-7: Launching mavenrun-7e60c474-f94d-44a2-b7b8-e8982aa201a9] INFO  o.eclipse.m2e.core.internal.Bundles - 	Entry: C:\Users\anujv\Downloads\sts-5.0.1.RELEASE\plugins\org.eclipse.m2e.maven.runtime_3.9.1101.20251020-1549\jars\maven-model-builder-3.9.11.jar
2026-08-07 10:42:44,699 [Worker-7: Launching mavenrun-7e60c474-f94d-44a2-b7b8-e8982aa201a9] INFO  o.eclipse.m2e.core.internal.Bundles - 	Entry: C:\Users\anujv\Downloads\sts-5.0.1.RELEASE\plugins\org.eclipse.m2e.maven.runtime_3.9.1101.20251020-1549\jars\maven-plugin-api-3.9.11.jar
2026-08-07 10:42:44,700 [Worker-7: Launching mavenrun-7e60c474-f94d-44a2-b7b8-e8982aa201a9] INFO  o.eclipse.m2e.core.internal.Bundles - 	Entry: C:\Users\anujv\Downloads\sts-5.0.1.RELEASE\plugins\org.eclipse.m2e.maven.runtime_3.9.1101.20251020-1549\jars\maven-repository-metadata-3.9.11.jar
2026-08-07 10:42:44,700 [Worker-7: Launching mavenrun-7e60c474-f94d-44a2-b7b8-e8982aa201a9] INFO  o.eclipse.m2e.core.internal.Bundles - 	Entry: C:\Users\anujv\Downloads\sts-5.0.1.RELEASE\plugins\org.eclipse.m2e.maven.runtime_3.9.1101.20251020-1549\jars\maven-resolver-api-1.9.24.jar
2026-08-07 10:42:44,700 [Worker-7: Launching mavenrun-7e60c474-f94d-44a2-b7b8-e8982aa201a9] INFO  o.eclipse.m2e.core.internal.Bundles - 	Entry: C:\Users\anujv\Downloads\sts-5.0.1.RELEASE\plugins\org.eclipse.m2e.maven.runtime_3.9.1101.20251020-1549\jars\maven-resolver-connector-basic-1.9.24.jar
2026-08-07 10:42:44,700 [Worker-7: Launching mavenrun-7e60c474-f94d-44a2-b7b8-e8982aa201a9] INFO  o.eclipse.m2e.core.internal.Bundles - 	Entry: C:\Users\anujv\Downloads\sts-5.0.1.RELEASE\plugins\org.eclipse.m2e.maven.runtime_3.9.1101.20251020-1549\jars\maven-resolver-impl-1.9.24.jar
2026-08-07 10:42:44,701 [Worker-7: Launching mavenrun-7e60c474-f94d-44a2-b7b8-e8982aa201a9] INFO  o.eclipse.m2e.core.internal.Bundles - 	Entry: C:\Users\anujv\Downloads\sts-5.0.1.RELEASE\plugins\org.eclipse.m2e.maven.runtime_3.9.1101.20251020-1549\jars\maven-resolver-named-locks-1.9.24.jar
2026-08-07 10:42:44,701 [Worker-7: Launching mavenrun-7e60c474-f94d-44a2-b7b8-e8982aa201a9] INFO  o.eclipse.m2e.core.internal.Bundles - 	Entry: C:\Users\anujv\Downloads\sts-5.0.1.RELEASE\plugins\org.eclipse.m2e.maven.runtime_3.9.1101.20251020-1549\jars\maven-resolver-provider-3.9.11.jar
2026-08-07 10:42:44,701 [Worker-7: Launching mavenrun-7e60c474-f94d-44a2-b7b8-e8982aa201a9] INFO  o.eclipse.m2e.core.internal.Bundles - 	Entry: C:\Users\anujv\Downloads\sts-5.0.1.RELEASE\plugins\org.eclipse.m2e.maven.runtime_3.9.1101.20251020-1549\jars\maven-resolver-spi-1.9.24.jar
2026-08-07 10:42:44,701 [Worker-7: Launching mavenrun-7e60c474-f94d-44a2-b7b8-e8982aa201a9] INFO  o.eclipse.m2e.core.internal.Bundles - 	Entry: C:\Users\anujv\Downloads\sts-5.0.1.RELEASE\plugins\org.eclipse.m2e.maven.runtime_3.9.1101.20251020-1549\jars\maven-resolver-transport-file-1.9.24.jar
2026-08-07 10:42:44,701 [Worker-7: Launching mavenrun-7e60c474-f94d-44a2-b7b8-e8982aa201a9] INFO  o.eclipse.m2e.core.internal.Bundles - 	Entry: C:\Users\anujv\Downloads\sts-5.0.1.RELEASE\plugins\org.eclipse.m2e.maven.runtime_3.9.1101.20251020-1549\jars\maven-resolver-transport-http-1.9.24.jar
2026-08-07 10:42:44,701 [Worker-7: Launching mavenrun-7e60c474-f94d-44a2-b7b8-e8982aa201a9] INFO  o.eclipse.m2e.core.internal.Bundles - 	Entry: C:\Users\anujv\Downloads\sts-5.0.1.RELEASE\plugins\org.eclipse.m2e.maven.runtime_3.9.1101.20251020-1549\jars\maven-resolver-transport-wagon-1.9.24.jar
2026-08-07 10:42:44,701 [Worker-7: Launching mavenrun-7e60c474-f94d-44a2-b7b8-e8982aa201a9] INFO  o.eclipse.m2e.core.internal.Bundles - 	Entry: C:\Users\anujv\Downloads\sts-5.0.1.RELEASE\plugins\org.eclipse.m2e.maven.runtime_3.9.1101.20251020-1549\jars\maven-resolver-util-1.9.24.jar
2026-08-07 10:42:44,702 [Worker-7: Launching mavenrun-7e60c474-f94d-44a2-b7b8-e8982aa201a9] INFO  o.eclipse.m2e.core.internal.Bundles - 	Entry: C:\Users\anujv\Downloads\sts-5.0.1.RELEASE\plugins\org.eclipse.m2e.maven.runtime_3.9.1101.20251020-1549\jars\maven-settings-3.9.11.jar
2026-08-07 10:42:44,702 [Worker-7: Launching mavenrun-7e60c474-f94d-44a2-b7b8-e8982aa201a9] INFO  o.eclipse.m2e.core.internal.Bundles - 	Entry: C:\Users\anujv\Downloads\sts-5.0.1.RELEASE\plugins\org.eclipse.m2e.maven.runtime_3.9.1101.20251020-1549\jars\maven-settings-builder-3.9.11.jar
2026-08-07 10:42:44,702 [Worker-7: Launching mavenrun-7e60c474-f94d-44a2-b7b8-e8982aa201a9] INFO  o.eclipse.m2e.core.internal.Bundles - 	Entry: C:\Users\anujv\Downloads\sts-5.0.1.RELEASE\plugins\org.eclipse.m2e.maven.runtime_3.9.1101.20251020-1549\jars\maven-shared-utils-3.4.2.jar
2026-08-07 10:42:44,702 [Worker-7: Launching mavenrun-7e60c474-f94d-44a2-b7b8-e8982aa201a9] INFO  o.eclipse.m2e.core.internal.Bundles - 	Entry: C:\Users\anujv\Downloads\sts-5.0.1.RELEASE\plugins\org.eclipse.m2e.maven.runtime_3.9.1101.20251020-1549\jars\org.eclipse.sisu.inject-0.9.0.M4.jar
2026-08-07 10:42:44,703 [Worker-7: Launching mavenrun-7e60c474-f94d-44a2-b7b8-e8982aa201a9] INFO  o.eclipse.m2e.core.internal.Bundles - 	Entry: C:\Users\anujv\Downloads\sts-5.0.1.RELEASE\plugins\org.eclipse.m2e.maven.runtime_3.9.1101.20251020-1549\jars\org.eclipse.sisu.plexus-0.9.0.M4.jar
2026-08-07 10:42:44,703 [Worker-7: Launching mavenrun-7e60c474-f94d-44a2-b7b8-e8982aa201a9] INFO  o.eclipse.m2e.core.internal.Bundles - 	Entry: C:\Users\anujv\Downloads\sts-5.0.1.RELEASE\plugins\org.eclipse.m2e.maven.runtime_3.9.1101.20251020-1549\jars\plexus-build-api-0.0.7.jar
2026-08-07 10:42:44,703 [Worker-7: Launching mavenrun-7e60c474-f94d-44a2-b7b8-e8982aa201a9] INFO  o.eclipse.m2e.core.internal.Bundles - 	Entry: C:\Users\anujv\Downloads\sts-5.0.1.RELEASE\plugins\org.eclipse.m2e.maven.runtime_3.9.1101.20251020-1549\jars\plexus-build-api-1.2.0.jar
2026-08-07 10:42:44,703 [Worker-7: Launching mavenrun-7e60c474-f94d-44a2-b7b8-e8982aa201a9] INFO  o.eclipse.m2e.core.internal.Bundles - 	Entry: C:\Users\anujv\Downloads\sts-5.0.1.RELEASE\plugins\org.eclipse.m2e.maven.runtime_3.9.1101.20251020-1549\jars\plexus-cipher-2.0.jar
2026-08-07 10:42:44,703 [Worker-7: Launching mavenrun-7e60c474-f94d-44a2-b7b8-e8982aa201a9] INFO  o.eclipse.m2e.core.internal.Bundles - 	Entry: C:\Users\anujv\Downloads\sts-5.0.1.RELEASE\plugins\org.eclipse.m2e.maven.runtime_3.9.1101.20251020-1549\jars\plexus-classworlds-2.9.0.jar
2026-08-07 10:42:44,703 [Worker-7: Launching mavenrun-7e60c474-f94d-44a2-b7b8-e8982aa201a9] INFO  o.eclipse.m2e.core.internal.Bundles - 	Entry: C:\Users\anujv\Downloads\sts-5.0.1.RELEASE\plugins\org.eclipse.m2e.maven.runtime_3.9.1101.20251020-1549\jars\plexus-component-annotations-2.2.0.jar
2026-08-07 10:42:44,703 [Worker-7: Launching mavenrun-7e60c474-f94d-44a2-b7b8-e8982aa201a9] INFO  o.eclipse.m2e.core.internal.Bundles - 	Entry: C:\Users\anujv\Downloads\sts-5.0.1.RELEASE\plugins\org.eclipse.m2e.maven.runtime_3.9.1101.20251020-1549\jars\plexus-interpolation-1.28.jar
2026-08-07 10:42:44,704 [Worker-7: Launching mavenrun-7e60c474-f94d-44a2-b7b8-e8982aa201a9] INFO  o.eclipse.m2e.core.internal.Bundles - 	Entry: C:\Users\anujv\Downloads\sts-5.0.1.RELEASE\plugins\org.eclipse.m2e.maven.runtime_3.9.1101.20251020-1549\jars\plexus-sec-dispatcher-2.0.jar
2026-08-07 10:42:44,704 [Worker-7: Launching mavenrun-7e60c474-f94d-44a2-b7b8-e8982aa201a9] INFO  o.eclipse.m2e.core.internal.Bundles - 	Entry: C:\Users\anujv\Downloads\sts-5.0.1.RELEASE\plugins\org.eclipse.m2e.maven.runtime_3.9.1101.20251020-1549\jars\plexus-utils-3.6.0.jar
2026-08-07 10:42:44,704 [Worker-7: Launching mavenrun-7e60c474-f94d-44a2-b7b8-e8982aa201a9] INFO  o.eclipse.m2e.core.internal.Bundles - 	Entry: C:\Users\anujv\Downloads\sts-5.0.1.RELEASE\plugins\org.eclipse.m2e.maven.runtime_3.9.1101.20251020-1549\jars\wagon-file-3.5.3.jar
2026-08-07 10:42:44,704 [Worker-7: Launching mavenrun-7e60c474-f94d-44a2-b7b8-e8982aa201a9] INFO  o.eclipse.m2e.core.internal.Bundles - 	Entry: C:\Users\anujv\Downloads\sts-5.0.1.RELEASE\plugins\org.eclipse.m2e.maven.runtime_3.9.1101.20251020-1549\jars\wagon-http-3.5.3.jar
2026-08-07 10:42:44,704 [Worker-7: Launching mavenrun-7e60c474-f94d-44a2-b7b8-e8982aa201a9] INFO  o.eclipse.m2e.core.internal.Bundles - 	Entry: C:\Users\anujv\Downloads\sts-5.0.1.RELEASE\plugins\org.eclipse.m2e.maven.runtime_3.9.1101.20251020-1549\jars\wagon-http-shared-3.5.3.jar
2026-08-07 10:42:44,705 [Worker-7: Launching mavenrun-7e60c474-f94d-44a2-b7b8-e8982aa201a9] INFO  o.eclipse.m2e.core.internal.Bundles - 	Entry: C:\Users\anujv\Downloads\sts-5.0.1.RELEASE\plugins\org.eclipse.m2e.maven.runtime_3.9.1101.20251020-1549\jars\wagon-provider-api-3.5.3.jar
2026-08-07 10:42:44,705 [Worker-7: Launching mavenrun-7e60c474-f94d-44a2-b7b8-e8982aa201a9] INFO  o.eclipse.m2e.core.internal.Bundles - getClasspathEntries(Bundle=com.google.guava_33.5.0.jre [31])
2026-08-07 10:42:44,706 [Worker-7: Launching mavenrun-7e60c474-f94d-44a2-b7b8-e8982aa201a9] INFO  o.eclipse.m2e.core.internal.Bundles - 	Entry: C:\Users\anujv\Downloads\sts-5.0.1.RELEASE\plugins\com.google.guava_33.5.0.jre.jar
2026-08-07 10:42:44,706 [Worker-7: Launching mavenrun-7e60c474-f94d-44a2-b7b8-e8982aa201a9] INFO  o.eclipse.m2e.core.internal.Bundles - getClasspathEntries(Bundle=slf4j.api_2.0.17 [620])
2026-08-07 10:42:44,707 [Worker-7: Launching mavenrun-7e60c474-f94d-44a2-b7b8-e8982aa201a9] INFO  o.eclipse.m2e.core.internal.Bundles - 	Entry: C:\Users\anujv\Downloads\sts-5.0.1.RELEASE\plugins\slf4j.api_2.0.17.jar
2026-08-07 10:42:44,707 [Worker-7: Launching mavenrun-7e60c474-f94d-44a2-b7b8-e8982aa201a9] INFO  o.eclipse.m2e.core.internal.Bundles - getClasspathEntries(Bundle=jakarta.inject.jakarta.inject-api_1.0.5 [46])
2026-08-07 10:42:44,707 [Worker-7: Launching mavenrun-7e60c474-f94d-44a2-b7b8-e8982aa201a9] INFO  o.eclipse.m2e.core.internal.Bundles - 	Entry: C:\Users\anujv\Downloads\sts-5.0.1.RELEASE\plugins\jakarta.inject.jakarta.inject-api_1.0.5.jar
2026-08-07 10:42:44,707 [Worker-7: Launching mavenrun-7e60c474-f94d-44a2-b7b8-e8982aa201a9] INFO  o.eclipse.m2e.core.internal.Bundles - getClasspathEntries(Bundle=jakarta.annotation-api_1.3.5 [43])
2026-08-07 10:42:44,707 [Worker-7: Launching mavenrun-7e60c474-f94d-44a2-b7b8-e8982aa201a9] INFO  o.eclipse.m2e.core.internal.Bundles - 	Entry: C:\Users\anujv\Downloads\sts-5.0.1.RELEASE\plugins\jakarta.annotation-api_1.3.5.jar
2026-08-07 10:42:44,707 [Worker-7: Launching mavenrun-7e60c474-f94d-44a2-b7b8-e8982aa201a9] INFO  o.eclipse.m2e.core.internal.Bundles - getClasspathEntries(Bundle=org.apache.commons.cli_1.11.0 [85])
2026-08-07 10:42:44,708 [Worker-7: Launching mavenrun-7e60c474-f94d-44a2-b7b8-e8982aa201a9] INFO  o.eclipse.m2e.core.internal.Bundles - 	Entry: C:\Users\anujv\Downloads\sts-5.0.1.RELEASE\plugins\org.apache.commons.cli_1.11.0.jar
2026-08-07 10:42:44,708 [Worker-7: Launching mavenrun-7e60c474-f94d-44a2-b7b8-e8982aa201a9] INFO  o.eclipse.m2e.core.internal.Bundles - getClasspathEntries(Bundle=org.apache.commons.commons-codec_1.20.0 [87])
2026-08-07 10:42:44,708 [Worker-7: Launching mavenrun-7e60c474-f94d-44a2-b7b8-e8982aa201a9] INFO  o.eclipse.m2e.core.internal.Bundles - 	Entry: C:\Users\anujv\Downloads\sts-5.0.1.RELEASE\plugins\org.apache.commons.commons-codec_1.20.0.jar
2026-08-07 10:42:44,708 [Worker-7: Launching mavenrun-7e60c474-f94d-44a2-b7b8-e8982aa201a9] INFO  o.eclipse.m2e.core.internal.Bundles - getClasspathEntries(Bundle=com.google.guava.failureaccess_1.0.3 [32])
2026-08-07 10:42:44,709 [Worker-7: Launching mavenrun-7e60c474-f94d-44a2-b7b8-e8982aa201a9] INFO  o.eclipse.m2e.core.internal.Bundles - 	Entry: C:\Users\anujv\Downloads\sts-5.0.1.RELEASE\plugins\com.google.guava.failureaccess_1.0.3.jar
2026-08-07 10:42:44,710 [Worker-7: Launching mavenrun-7e60c474-f94d-44a2-b7b8-e8982aa201a9] INFO  o.e.m.i.launch.MavenLaunchDelegate - Run build in "C:\Users\anujv\AppData\Local\Temp\m2e-archetypeGenerator3357979750271912262":
2026-08-07 10:42:44,710 [Worker-7: Launching mavenrun-7e60c474-f94d-44a2-b7b8-e8982aa201a9] INFO  o.e.m.i.launch.MavenLaunchDelegate -  mvn  -DjavaCompilerVersion=17 -DjunitVersion=5.11.0 -DarchetypeGroupId=org.apache.maven.archetypes -DarchetypeArtifactId=maven-archetype-quickstart -DarchetypeVersion=1.5 -DgroupId=com.studentmanagement -DartifactId=StudentManagementXML -Dversion=0.0.1-SNAPSHOT -Dpackage=com.studentmanagement -DoutputDirectory=C:\Users\anujv\Desktop\Configuration -Dstyle.color=always -U archetype:generate
2026-08-07 10:42:53,430 [Worker-25: Creating maven-archetype-quickstart] INFO  o.e.m.c.i.p.ProjectConfigurationManager - Collecting project info '/pom.xml' C:\Users\anujv\Desktop\Configuration\StudentManagementXML\pom.xml
2026-08-07 10:42:53,545 [Worker-25: Creating maven-archetype-quickstart] INFO  o.e.m.c.i.l.LifecycleMappingFactory - Using org.eclipse.m2e.jdt.JarLifecycleMapping lifecycle mapping for MavenProject: com.studentmanagement:StudentManagementXML:0.0.1-SNAPSHOT @ C:\Users\anujv\Desktop\Configuration\StudentManagementXML\pom.xml.
2026-08-07 10:42:53,685 [Worker-25: Creating maven-archetype-quickstart] INFO  o.e.m.j.i.AbstractJavaProjectConfigurator - Adding source folder /StudentManagementXML/src/main/java
2026-08-07 10:42:53,688 [Worker-25: Creating maven-archetype-quickstart] INFO  o.e.m.j.i.AbstractJavaProjectConfigurator - Adding resource folder /StudentManagementXML/src/main/resources
2026-08-07 10:42:53,693 [Worker-25: Creating maven-archetype-quickstart] INFO  o.e.m.j.i.AbstractJavaProjectConfigurator - Adding source folder /StudentManagementXML/src/test/java
2026-08-07 10:42:53,695 [Worker-25: Creating maven-archetype-quickstart] INFO  o.e.m.j.i.AbstractJavaProjectConfigurator - Adding resource folder /StudentManagementXML/src/test/resources
2026-08-07 10:42:53,769 [Worker-25: Creating maven-archetype-quickstart] WARN  o.apache.maven.project.MavenProject - Direct modification of compileSourceRoots through clear() is deprecated and will not work in Maven 4.0.0. Please use the add/remove methods instead. If you're using a plugin that causes this warning, please upgrade to the latest version and report an issue if the warning persists. To disable these warnings, set -Dmaven.project.sourceRoots.warningsDisabled=true on the command line, in the .mvn/maven.config file, or in project POM properties.
2026-08-07 10:42:53,770 [Worker-25: Creating maven-archetype-quickstart] WARN  o.apache.maven.project.MavenProject - Direct modification of compileSourceRoots through add() is deprecated and will not work in Maven 4.0.0. Please use the add/remove methods instead. If you're using a plugin that causes this warning, please upgrade to the latest version and report an issue if the warning persists. To disable these warnings, set -Dmaven.project.sourceRoots.warningsDisabled=true on the command line, in the .mvn/maven.config file, or in project POM properties.
2026-08-07 10:42:53,770 [Worker-25: Creating maven-archetype-quickstart] WARN  o.apache.maven.project.MavenProject - Direct modification of testCompileSourceRoots through clear() is deprecated and will not work in Maven 4.0.0. Please use the add/remove methods instead. If you're using a plugin that causes this warning, please upgrade to the latest version and report an issue if the warning persists. To disable these warnings, set -Dmaven.project.sourceRoots.warningsDisabled=true on the command line, in the .mvn/maven.config file, or in project POM properties.
2026-08-07 10:42:53,771 [Worker-25: Creating maven-archetype-quickstart] WARN  o.apache.maven.project.MavenProject - Direct modification of testCompileSourceRoots through add() is deprecated and will not work in Maven 4.0.0. Please use the add/remove methods instead. If you're using a plugin that causes this warning, please upgrade to the latest version and report an issue if the warning persists. To disable these warnings, set -Dmaven.project.sourceRoots.warningsDisabled=true on the command line, in the .mvn/maven.config file, or in project POM properties.
2026-08-07 10:42:53,778 [Worker-25: Creating maven-archetype-quickstart] INFO  o.e.m.c.i.p.ProjectConfigurationManager - Imported and configured 1 project(s) in 0 sec
2026-08-07 10:42:54,054 [Worker-7: Building] INFO  o.a.m.s.f.DefaultMavenResourcesFiltering - skip non existing resourceDirectory C:\Users\anujv\Desktop\Configuration\StudentManagementXML\src\main\resources
2026-08-07 10:42:54,058 [Worker-7: Building] INFO  o.a.m.s.f.DefaultMavenResourcesFiltering - skip non existing resourceDirectory C:\Users\anujv\Desktop\Configuration\StudentManagementXML\src\test\resources
2026-08-07 10:42:54,101 [Worker-7: Building] WARN  o.apache.maven.project.MavenProject - Direct modification of compileSourceRoots through clear() is deprecated and will not work in Maven 4.0.0. Please use the add/remove methods instead. If you're using a plugin that causes this warning, please upgrade to the latest version and report an issue if the warning persists. To disable these warnings, set -Dmaven.project.sourceRoots.warningsDisabled=true on the command line, in the .mvn/maven.config file, or in project POM properties.
2026-08-07 10:42:54,102 [Worker-7: Building] WARN  o.apache.maven.project.MavenProject - Direct modification of compileSourceRoots through add() is deprecated and will not work in Maven 4.0.0. Please use the add/remove methods instead. If you're using a plugin that causes this warning, please upgrade to the latest version and report an issue if the warning persists. To disable these warnings, set -Dmaven.project.sourceRoots.warningsDisabled=true on the command line, in the .mvn/maven.config file, or in project POM properties.
2026-08-07 10:42:54,103 [Worker-7: Building] WARN  o.apache.maven.project.MavenProject - Direct modification of testCompileSourceRoots through clear() is deprecated and will not work in Maven 4.0.0. Please use the add/remove methods instead. If you're using a plugin that causes this warning, please upgrade to the latest version and report an issue if the warning persists. To disable these warnings, set -Dmaven.project.sourceRoots.warningsDisabled=true on the command line, in the .mvn/maven.config file, or in project POM properties.
2026-08-07 10:42:54,104 [Worker-7: Building] WARN  o.apache.maven.project.MavenProject - Direct modification of testCompileSourceRoots through add() is deprecated and will not work in Maven 4.0.0. Please use the add/remove methods instead. If you're using a plugin that causes this warning, please upgrade to the latest version and report an issue if the warning persists. To disable these warnings, set -Dmaven.project.sourceRoots.warningsDisabled=true on the command line, in the .mvn/maven.config file, or in project POM properties.
2026-08-07 10:45:33,202 [Worker-7: Building] INFO  o.a.m.s.f.DefaultMavenResourcesFiltering - skip non existing resourceDirectory C:\Users\anujv\Desktop\Configuration\StudentManagementXML\src\main\resources
2026-08-07 10:45:33,206 [Worker-7: Building] INFO  o.a.m.s.f.DefaultMavenResourcesFiltering - skip non existing resourceDirectory C:\Users\anujv\Desktop\Configuration\StudentManagementXML\src\test\resources
2026-08-07 10:45:33,207 [Worker-7: Building] WARN  o.apache.maven.project.MavenProject - Direct modification of compileSourceRoots through clear() is deprecated and will not work in Maven 4.0.0. Please use the add/remove methods instead. If you're using a plugin that causes this warning, please upgrade to the latest version and report an issue if the warning persists. To disable these warnings, set -Dmaven.project.sourceRoots.warningsDisabled=true on the command line, in the .mvn/maven.config file, or in project POM properties.
2026-08-07 10:45:33,209 [Worker-7: Building] WARN  o.apache.maven.project.MavenProject - Direct modification of compileSourceRoots through add() is deprecated and will not work in Maven 4.0.0. Please use the add/remove methods instead. If you're using a plugin that causes this warning, please upgrade to the latest version and report an issue if the warning persists. To disable these warnings, set -Dmaven.project.sourceRoots.warningsDisabled=true on the command line, in the .mvn/maven.config file, or in project POM properties.
2026-08-07 10:45:33,210 [Worker-7: Building] WARN  o.apache.maven.project.MavenProject - Direct modification of testCompileSourceRoots through clear() is deprecated and will not work in Maven 4.0.0. Please use the add/remove methods instead. If you're using a plugin that causes this warning, please upgrade to the latest version and report an issue if the warning persists. To disable these warnings, set -Dmaven.project.sourceRoots.warningsDisabled=true on the command line, in the .mvn/maven.config file, or in project POM properties.
2026-08-07 10:45:33,212 [Worker-7: Building] WARN  o.apache.maven.project.MavenProject - Direct modification of testCompileSourceRoots through add() is deprecated and will not work in Maven 4.0.0. Please use the add/remove methods instead. If you're using a plugin that causes this warning, please upgrade to the latest version and report an issue if the warning persists. To disable these warnings, set -Dmaven.project.sourceRoots.warningsDisabled=true on the command line, in the .mvn/maven.config file, or in project POM properties.
2026-08-07 10:45:42,089 [Worker-24: Building] INFO  o.a.m.s.f.DefaultMavenResourcesFiltering - skip non existing resourceDirectory C:\Users\anujv\Desktop\Configuration\StudentManagementXML\src\main\resources
2026-08-07 10:45:42,093 [Worker-24: Building] INFO  o.a.m.s.f.DefaultMavenResourcesFiltering - skip non existing resourceDirectory C:\Users\anujv\Desktop\Configuration\StudentManagementXML\src\test\resources
2026-08-07 10:45:42,093 [Worker-24: Building] WARN  o.apache.maven.project.MavenProject - Direct modification of compileSourceRoots through clear() is deprecated and will not work in Maven 4.0.0. Please use the add/remove methods instead. If you're using a plugin that causes this warning, please upgrade to the latest version and report an issue if the warning persists. To disable these warnings, set -Dmaven.project.sourceRoots.warningsDisabled=true on the command line, in the .mvn/maven.config file, or in project POM properties.
2026-08-07 10:45:42,094 [Worker-24: Building] WARN  o.apache.maven.project.MavenProject - Direct modification of compileSourceRoots through add() is deprecated and will not work in Maven 4.0.0. Please use the add/remove methods instead. If you're using a plugin that causes this warning, please upgrade to the latest version and report an issue if the warning persists. To disable these warnings, set -Dmaven.project.sourceRoots.warningsDisabled=true on the command line, in the .mvn/maven.config file, or in project POM properties.
2026-08-07 10:45:42,095 [Worker-24: Building] WARN  o.apache.maven.project.MavenProject - Direct modification of testCompileSourceRoots through clear() is deprecated and will not work in Maven 4.0.0. Please use the add/remove methods instead. If you're using a plugin that causes this warning, please upgrade to the latest version and report an issue if the warning persists. To disable these warnings, set -Dmaven.project.sourceRoots.warningsDisabled=true on the command line, in the .mvn/maven.config file, or in project POM properties.
2026-08-07 10:45:42,096 [Worker-24: Building] WARN  o.apache.maven.project.MavenProject - Direct modification of testCompileSourceRoots through add() is deprecated and will not work in Maven 4.0.0. Please use the add/remove methods instead. If you're using a plugin that causes this warning, please upgrade to the latest version and report an issue if the warning persists. To disable these warnings, set -Dmaven.project.sourceRoots.warningsDisabled=true on the command line, in the .mvn/maven.config file, or in project POM properties.
2026-08-07 10:45:51,376 [Worker-7: Building] INFO  o.a.m.s.f.DefaultMavenResourcesFiltering - skip non existing resourceDirectory C:\Users\anujv\Desktop\Configuration\StudentManagementXML\src\main\resources
2026-08-07 10:45:51,378 [Worker-7: Building] INFO  o.a.m.s.f.DefaultMavenResourcesFiltering - skip non existing resourceDirectory C:\Users\anujv\Desktop\Configuration\StudentManagementXML\src\test\resources
2026-08-07 10:45:51,379 [Worker-7: Building] WARN  o.apache.maven.project.MavenProject - Direct modification of compileSourceRoots through clear() is deprecated and will not work in Maven 4.0.0. Please use the add/remove methods instead. If you're using a plugin that causes this warning, please upgrade to the latest version and report an issue if the warning persists. To disable these warnings, set -Dmaven.project.sourceRoots.warningsDisabled=true on the command line, in the .mvn/maven.config file, or in project POM properties.
2026-08-07 10:45:51,379 [Worker-7: Building] WARN  o.apache.maven.project.MavenProject - Direct modification of compileSourceRoots through add() is deprecated and will not work in Maven 4.0.0. Please use the add/remove methods instead. If you're using a plugin that causes this warning, please upgrade to the latest version and report an issue if the warning persists. To disable these warnings, set -Dmaven.project.sourceRoots.warningsDisabled=true on the command line, in the .mvn/maven.config file, or in project POM properties.
2026-08-07 10:45:51,380 [Worker-7: Building] WARN  o.apache.maven.project.MavenProject - Direct modification of testCompileSourceRoots through clear() is deprecated and will not work in Maven 4.0.0. Please use the add/remove methods instead. If you're using a plugin that causes this warning, please upgrade to the latest version and report an issue if the warning persists. To disable these warnings, set -Dmaven.project.sourceRoots.warningsDisabled=true on the command line, in the .mvn/maven.config file, or in project POM properties.
2026-08-07 10:45:51,380 [Worker-7: Building] WARN  o.apache.maven.project.MavenProject - Direct modification of testCompileSourceRoots through add() is deprecated and will not work in Maven 4.0.0. Please use the add/remove methods instead. If you're using a plugin that causes this warning, please upgrade to the latest version and report an issue if the warning persists. To disable these warnings, set -Dmaven.project.sourceRoots.warningsDisabled=true on the command line, in the .mvn/maven.config file, or in project POM properties.
2026-08-07 10:48:44,507 [Worker-7: Building] INFO  o.a.m.s.f.DefaultMavenResourcesFiltering - Copying 0 resource from src\main\resources to target\classes
2026-08-07 10:48:44,511 [Worker-7: Building] INFO  o.a.m.s.f.DefaultMavenResourcesFiltering - skip non existing resourceDirectory C:\Users\anujv\Desktop\Configuration\StudentManagementXML\src\test\resources
2026-08-07 10:48:44,524 [Worker-7: Building] WARN  o.apache.maven.project.MavenProject - Direct modification of compileSourceRoots through clear() is deprecated and will not work in Maven 4.0.0. Please use the add/remove methods instead. If you're using a plugin that causes this warning, please upgrade to the latest version and report an issue if the warning persists. To disable these warnings, set -Dmaven.project.sourceRoots.warningsDisabled=true on the command line, in the .mvn/maven.config file, or in project POM properties.
2026-08-07 10:48:44,525 [Worker-7: Building] WARN  o.apache.maven.project.MavenProject - Direct modification of compileSourceRoots through add() is deprecated and will not work in Maven 4.0.0. Please use the add/remove methods instead. If you're using a plugin that causes this warning, please upgrade to the latest version and report an issue if the warning persists. To disable these warnings, set -Dmaven.project.sourceRoots.warningsDisabled=true on the command line, in the .mvn/maven.config file, or in project POM properties.
2026-08-07 10:48:44,527 [Worker-7: Building] WARN  o.apache.maven.project.MavenProject - Direct modification of testCompileSourceRoots through clear() is deprecated and will not work in Maven 4.0.0. Please use the add/remove methods instead. If you're using a plugin that causes this warning, please upgrade to the latest version and report an issue if the warning persists. To disable these warnings, set -Dmaven.project.sourceRoots.warningsDisabled=true on the command line, in the .mvn/maven.config file, or in project POM properties.
2026-08-07 10:48:44,527 [Worker-7: Building] WARN  o.apache.maven.project.MavenProject - Direct modification of testCompileSourceRoots through add() is deprecated and will not work in Maven 4.0.0. Please use the add/remove methods instead. If you're using a plugin that causes this warning, please upgrade to the latest version and report an issue if the warning persists. To disable these warnings, set -Dmaven.project.sourceRoots.warningsDisabled=true on the command line, in the .mvn/maven.config file, or in project POM properties.
2026-08-07 10:49:02,979 [Worker-23: Building] INFO  o.a.m.s.f.DefaultMavenResourcesFiltering - Copying 1 resource from src\main\resources to target\classes
2026-08-07 10:49:02,995 [Worker-23: Building] INFO  o.a.m.s.f.DefaultMavenResourcesFiltering - skip non existing resourceDirectory C:\Users\anujv\Desktop\Configuration\StudentManagementXML\src\test\resources
2026-08-07 10:49:02,996 [Worker-23: Building] WARN  o.apache.maven.project.MavenProject - Direct modification of compileSourceRoots through clear() is deprecated and will not work in Maven 4.0.0. Please use the add/remove methods instead. If you're using a plugin that causes this warning, please upgrade to the latest version and report an issue if the warning persists. To disable these warnings, set -Dmaven.project.sourceRoots.warningsDisabled=true on the command line, in the .mvn/maven.config file, or in project POM properties.
2026-08-07 10:49:02,999 [Worker-23: Building] WARN  o.apache.maven.project.MavenProject - Direct modification of compileSourceRoots through add() is deprecated and will not work in Maven 4.0.0. Please use the add/remove methods instead. If you're using a plugin that causes this warning, please upgrade to the latest version and report an issue if the warning persists. To disable these warnings, set -Dmaven.project.sourceRoots.warningsDisabled=true on the command line, in the .mvn/maven.config file, or in project POM properties.
2026-08-07 10:49:03,000 [Worker-23: Building] WARN  o.apache.maven.project.MavenProject - Direct modification of testCompileSourceRoots through clear() is deprecated and will not work in Maven 4.0.0. Please use the add/remove methods instead. If you're using a plugin that causes this warning, please upgrade to the latest version and report an issue if the warning persists. To disable these warnings, set -Dmaven.project.sourceRoots.warningsDisabled=true on the command line, in the .mvn/maven.config file, or in project POM properties.
2026-08-07 10:49:03,001 [Worker-23: Building] WARN  o.apache.maven.project.MavenProject - Direct modification of testCompileSourceRoots through add() is deprecated and will not work in Maven 4.0.0. Please use the add/remove methods instead. If you're using a plugin that causes this warning, please upgrade to the latest version and report an issue if the warning persists. To disable these warnings, set -Dmaven.project.sourceRoots.warningsDisabled=true on the command line, in the .mvn/maven.config file, or in project POM properties.
2026-08-07 10:49:12,827 [Worker-23: Building] INFO  o.a.m.s.f.DefaultMavenResourcesFiltering - Copying 0 resource from src\main\resources to target\classes
2026-08-07 10:49:12,834 [Worker-23: Building] INFO  o.a.m.s.f.DefaultMavenResourcesFiltering - skip non existing resourceDirectory C:\Users\anujv\Desktop\Configuration\StudentManagementXML\src\test\resources
2026-08-07 10:49:12,834 [Worker-23: Building] WARN  o.apache.maven.project.MavenProject - Direct modification of compileSourceRoots through clear() is deprecated and will not work in Maven 4.0.0. Please use the add/remove methods instead. If you're using a plugin that causes this warning, please upgrade to the latest version and report an issue if the warning persists. To disable these warnings, set -Dmaven.project.sourceRoots.warningsDisabled=true on the command line, in the .mvn/maven.config file, or in project POM properties.
2026-08-07 10:49:12,835 [Worker-23: Building] WARN  o.apache.maven.project.MavenProject - Direct modification of compileSourceRoots through add() is deprecated and will not work in Maven 4.0.0. Please use the add/remove methods instead. If you're using a plugin that causes this warning, please upgrade to the latest version and report an issue if the warning persists. To disable these warnings, set -Dmaven.project.sourceRoots.warningsDisabled=true on the command line, in the .mvn/maven.config file, or in project POM properties.
2026-08-07 10:49:12,836 [Worker-23: Building] WARN  o.apache.maven.project.MavenProject - Direct modification of testCompileSourceRoots through clear() is deprecated and will not work in Maven 4.0.0. Please use the add/remove methods instead. If you're using a plugin that causes this warning, please upgrade to the latest version and report an issue if the warning persists. To disable these warnings, set -Dmaven.project.sourceRoots.warningsDisabled=true on the command line, in the .mvn/maven.config file, or in project POM properties.
2026-08-07 10:49:12,838 [Worker-23: Building] WARN  o.apache.maven.project.MavenProject - Direct modification of testCompileSourceRoots through add() is deprecated and will not work in Maven 4.0.0. Please use the add/remove methods instead. If you're using a plugin that causes this warning, please upgrade to the latest version and report an issue if the warning persists. To disable these warnings, set -Dmaven.project.sourceRoots.warningsDisabled=true on the command line, in the .mvn/maven.config file, or in project POM properties.
2026-08-07 10:51:18,356 [Worker-24: Building] INFO  o.a.m.s.f.DefaultMavenResourcesFiltering - Copying 1 resource from src\main\resources to target\classes
2026-08-07 10:51:18,360 [Worker-24: Building] INFO  o.a.m.s.f.DefaultMavenResourcesFiltering - skip non existing resourceDirectory C:\Users\anujv\Desktop\Configuration\StudentManagementXML\src\test\resources
2026-08-07 10:51:18,360 [Worker-24: Building] WARN  o.apache.maven.project.MavenProject - Direct modification of compileSourceRoots through clear() is deprecated and will not work in Maven 4.0.0. Please use the add/remove methods instead. If you're using a plugin that causes this warning, please upgrade to the latest version and report an issue if the warning persists. To disable these warnings, set -Dmaven.project.sourceRoots.warningsDisabled=true on the command line, in the .mvn/maven.config file, or in project POM properties.
2026-08-07 10:51:18,361 [Worker-24: Building] WARN  o.apache.maven.project.MavenProject - Direct modification of compileSourceRoots through add() is deprecated and will not work in Maven 4.0.0. Please use the add/remove methods instead. If you're using a plugin that causes this warning, please upgrade to the latest version and report an issue if the warning persists. To disable these warnings, set -Dmaven.project.sourceRoots.warningsDisabled=true on the command line, in the .mvn/maven.config file, or in project POM properties.
2026-08-07 10:51:18,362 [Worker-24: Building] WARN  o.apache.maven.project.MavenProject - Direct modification of testCompileSourceRoots through clear() is deprecated and will not work in Maven 4.0.0. Please use the add/remove methods instead. If you're using a plugin that causes this warning, please upgrade to the latest version and report an issue if the warning persists. To disable these warnings, set -Dmaven.project.sourceRoots.warningsDisabled=true on the command line, in the .mvn/maven.config file, or in project POM properties.
2026-08-07 10:51:18,364 [Worker-24: Building] WARN  o.apache.maven.project.MavenProject - Direct modification of testCompileSourceRoots through add() is deprecated and will not work in Maven 4.0.0. Please use the add/remove methods instead. If you're using a plugin that causes this warning, please upgrade to the latest version and report an issue if the warning persists. To disable these warnings, set -Dmaven.project.sourceRoots.warningsDisabled=true on the command line, in the .mvn/maven.config file, or in project POM properties.
2026-08-07 10:51:39,182 [Worker-30: Building] INFO  o.a.m.s.f.DefaultMavenResourcesFiltering - Copying 1 resource from src\main\resources to target\classes
2026-08-07 10:51:39,188 [Worker-30: Building] INFO  o.a.m.s.f.DefaultMavenResourcesFiltering - skip non existing resourceDirectory C:\Users\anujv\Desktop\Configuration\StudentManagementXML\src\test\resources
2026-08-07 10:51:39,188 [Worker-30: Building] WARN  o.apache.maven.project.MavenProject - Direct modification of compileSourceRoots through clear() is deprecated and will not work in Maven 4.0.0. Please use the add/remove methods instead. If you're using a plugin that causes this warning, please upgrade to the latest version and report an issue if the warning persists. To disable these warnings, set -Dmaven.project.sourceRoots.warningsDisabled=true on the command line, in the .mvn/maven.config file, or in project POM properties.
2026-08-07 10:51:39,190 [Worker-30: Building] WARN  o.apache.maven.project.MavenProject - Direct modification of compileSourceRoots through add() is deprecated and will not work in Maven 4.0.0. Please use the add/remove methods instead. If you're using a plugin that causes this warning, please upgrade to the latest version and report an issue if the warning persists. To disable these warnings, set -Dmaven.project.sourceRoots.warningsDisabled=true on the command line, in the .mvn/maven.config file, or in project POM properties.
2026-08-07 10:51:39,191 [Worker-30: Building] WARN  o.apache.maven.project.MavenProject - Direct modification of testCompileSourceRoots through clear() is deprecated and will not work in Maven 4.0.0. Please use the add/remove methods instead. If you're using a plugin that causes this warning, please upgrade to the latest version and report an issue if the warning persists. To disable these warnings, set -Dmaven.project.sourceRoots.warningsDisabled=true on the command line, in the .mvn/maven.config file, or in project POM properties.
2026-08-07 10:51:39,193 [Worker-30: Building] WARN  o.apache.maven.project.MavenProject - Direct modification of testCompileSourceRoots through add() is deprecated and will not work in Maven 4.0.0. Please use the add/remove methods instead. If you're using a plugin that causes this warning, please upgrade to the latest version and report an issue if the warning persists. To disable these warnings, set -Dmaven.project.sourceRoots.warningsDisabled=true on the command line, in the .mvn/maven.config file, or in project POM properties.
2026-08-07 10:51:44,342 [Worker-29: Building] INFO  o.a.m.s.f.DefaultMavenResourcesFiltering - Copying 0 resource from src\main\resources to target\classes
2026-08-07 10:51:44,345 [Worker-29: Building] INFO  o.a.m.s.f.DefaultMavenResourcesFiltering - skip non existing resourceDirectory C:\Users\anujv\Desktop\Configuration\StudentManagementXML\src\test\resources
2026-08-07 10:51:44,345 [Worker-29: Building] WARN  o.apache.maven.project.MavenProject - Direct modification of compileSourceRoots through clear() is deprecated and will not work in Maven 4.0.0. Please use the add/remove methods instead. If you're using a plugin that causes this warning, please upgrade to the latest version and report an issue if the warning persists. To disable these warnings, set -Dmaven.project.sourceRoots.warningsDisabled=true on the command line, in the .mvn/maven.config file, or in project POM properties.
2026-08-07 10:51:44,348 [Worker-29: Building] WARN  o.apache.maven.project.MavenProject - Direct modification of compileSourceRoots through add() is deprecated and will not work in Maven 4.0.0. Please use the add/remove methods instead. If you're using a plugin that causes this warning, please upgrade to the latest version and report an issue if the warning persists. To disable these warnings, set -Dmaven.project.sourceRoots.warningsDisabled=true on the command line, in the .mvn/maven.config file, or in project POM properties.
2026-08-07 10:51:44,351 [Worker-29: Building] WARN  o.apache.maven.project.MavenProject - Direct modification of testCompileSourceRoots through clear() is deprecated and will not work in Maven 4.0.0. Please use the add/remove methods instead. If you're using a plugin that causes this warning, please upgrade to the latest version and report an issue if the warning persists. To disable these warnings, set -Dmaven.project.sourceRoots.warningsDisabled=true on the command line, in the .mvn/maven.config file, or in project POM properties.
2026-08-07 10:51:44,353 [Worker-29: Building] WARN  o.apache.maven.project.MavenProject - Direct modification of testCompileSourceRoots through add() is deprecated and will not work in Maven 4.0.0. Please use the add/remove methods instead. If you're using a plugin that causes this warning, please upgrade to the latest version and report an issue if the warning persists. To disable these warnings, set -Dmaven.project.sourceRoots.warningsDisabled=true on the command line, in the .mvn/maven.config file, or in project POM properties.
2026-08-07 10:51:48,122 [Worker-24: Building] INFO  o.a.m.s.f.DefaultMavenResourcesFiltering - Copying 1 resource from src\main\resources to target\classes
2026-08-07 10:51:48,126 [Worker-24: Building] INFO  o.a.m.s.f.DefaultMavenResourcesFiltering - skip non existing resourceDirectory C:\Users\anujv\Desktop\Configuration\StudentManagementXML\src\test\resources
2026-08-07 10:51:48,126 [Worker-24: Building] WARN  o.apache.maven.project.MavenProject - Direct modification of compileSourceRoots through clear() is deprecated and will not work in Maven 4.0.0. Please use the add/remove methods instead. If you're using a plugin that causes this warning, please upgrade to the latest version and report an issue if the warning persists. To disable these warnings, set -Dmaven.project.sourceRoots.warningsDisabled=true on the command line, in the .mvn/maven.config file, or in project POM properties.
2026-08-07 10:51:48,127 [Worker-24: Building] WARN  o.apache.maven.project.MavenProject - Direct modification of compileSourceRoots through add() is deprecated and will not work in Maven 4.0.0. Please use the add/remove methods instead. If you're using a plugin that causes this warning, please upgrade to the latest version and report an issue if the warning persists. To disable these warnings, set -Dmaven.project.sourceRoots.warningsDisabled=true on the command line, in the .mvn/maven.config file, or in project POM properties.
2026-08-07 10:51:48,128 [Worker-24: Building] WARN  o.apache.maven.project.MavenProject - Direct modification of testCompileSourceRoots through clear() is deprecated and will not work in Maven 4.0.0. Please use the add/remove methods instead. If you're using a plugin that causes this warning, please upgrade to the latest version and report an issue if the warning persists. To disable these warnings, set -Dmaven.project.sourceRoots.warningsDisabled=true on the command line, in the .mvn/maven.config file, or in project POM properties.
2026-08-07 10:51:48,130 [Worker-24: Building] WARN  o.apache.maven.project.MavenProject - Direct modification of testCompileSourceRoots through add() is deprecated and will not work in Maven 4.0.0. Please use the add/remove methods instead. If you're using a plugin that causes this warning, please upgrade to the latest version and report an issue if the warning persists. To disable these warnings, set -Dmaven.project.sourceRoots.warningsDisabled=true on the command line, in the .mvn/maven.config file, or in project POM properties.
2026-08-07 10:52:30,120 [Worker-30: Building] INFO  o.e.m.c.i.l.LifecycleMappingFactory - Using org.eclipse.m2e.jdt.JarLifecycleMapping lifecycle mapping for MavenProject: com.studentmanagement:StudentManagementXML:0.0.1-SNAPSHOT @ C:\Users\anujv\Desktop\Configuration\StudentManagementXML\pom.xml.
2026-08-07 10:52:30,429 [Worker-30: Building] INFO  o.a.m.s.f.DefaultMavenResourcesFiltering - Copying 0 resource from src\main\resources to target\classes
2026-08-07 10:52:30,432 [Worker-30: Building] INFO  o.a.m.s.f.DefaultMavenResourcesFiltering - skip non existing resourceDirectory C:\Users\anujv\Desktop\Configuration\StudentManagementXML\src\test\resources
2026-08-07 10:52:30,469 [Worker-30: Building] WARN  o.apache.maven.project.MavenProject - Direct modification of compileSourceRoots through clear() is deprecated and will not work in Maven 4.0.0. Please use the add/remove methods instead. If you're using a plugin that causes this warning, please upgrade to the latest version and report an issue if the warning persists. To disable these warnings, set -Dmaven.project.sourceRoots.warningsDisabled=true on the command line, in the .mvn/maven.config file, or in project POM properties.
2026-08-07 10:52:30,471 [Worker-30: Building] WARN  o.apache.maven.project.MavenProject - Direct modification of compileSourceRoots through add() is deprecated and will not work in Maven 4.0.0. Please use the add/remove methods instead. If you're using a plugin that causes this warning, please upgrade to the latest version and report an issue if the warning persists. To disable these warnings, set -Dmaven.project.sourceRoots.warningsDisabled=true on the command line, in the .mvn/maven.config file, or in project POM properties.
2026-08-07 10:52:30,473 [Worker-30: Building] WARN  o.apache.maven.project.MavenProject - Direct modification of testCompileSourceRoots through clear() is deprecated and will not work in Maven 4.0.0. Please use the add/remove methods instead. If you're using a plugin that causes this warning, please upgrade to the latest version and report an issue if the warning persists. To disable these warnings, set -Dmaven.project.sourceRoots.warningsDisabled=true on the command line, in the .mvn/maven.config file, or in project POM properties.
2026-08-07 10:52:30,474 [Worker-30: Building] WARN  o.apache.maven.project.MavenProject - Direct modification of testCompileSourceRoots through add() is deprecated and will not work in Maven 4.0.0. Please use the add/remove methods instead. If you're using a plugin that causes this warning, please upgrade to the latest version and report an issue if the warning persists. To disable these warnings, set -Dmaven.project.sourceRoots.warningsDisabled=true on the command line, in the .mvn/maven.config file, or in project POM properties.
2026-08-07 10:52:30,505 [Worker-33: Updating Maven Project] INFO  o.e.m.c.i.p.ProjectConfigurationManager - Update started
2026-08-07 10:52:30,629 [Worker-33: Updating Maven Project] INFO  o.e.m.c.i.l.LifecycleMappingFactory - Using org.eclipse.m2e.jdt.JarLifecycleMapping lifecycle mapping for MavenProject: com.studentmanagement:StudentManagementXML:0.0.1-SNAPSHOT @ C:\Users\anujv\Desktop\Configuration\StudentManagementXML\pom.xml.
2026-08-07 10:52:30,841 [Worker-33: Updating Maven Project] INFO  o.e.m.j.i.AbstractJavaProjectConfigurator - Adding source folder /StudentManagementXML/src/main/java
2026-08-07 10:52:30,842 [Worker-33: Updating Maven Project] INFO  o.e.m.j.i.AbstractJavaProjectConfigurator - Adding resource folder /StudentManagementXML/src/main/resources
2026-08-07 10:52:30,853 [Worker-33: Updating Maven Project] INFO  o.e.m.j.i.AbstractJavaProjectConfigurator - Adding source folder /StudentManagementXML/src/test/java
2026-08-07 10:52:30,854 [Worker-33: Updating Maven Project] INFO  o.e.m.j.i.AbstractJavaProjectConfigurator - Adding resource folder /StudentManagementXML/src/test/resources
2026-08-07 10:52:30,933 [Worker-33: Updating Maven Project] WARN  o.apache.maven.project.MavenProject - Direct modification of compileSourceRoots through clear() is deprecated and will not work in Maven 4.0.0. Please use the add/remove methods instead. If you're using a plugin that causes this warning, please upgrade to the latest version and report an issue if the warning persists. To disable these warnings, set -Dmaven.project.sourceRoots.warningsDisabled=true on the command line, in the .mvn/maven.config file, or in project POM properties.
2026-08-07 10:52:30,934 [Worker-33: Updating Maven Project] WARN  o.apache.maven.project.MavenProject - Direct modification of compileSourceRoots through add() is deprecated and will not work in Maven 4.0.0. Please use the add/remove methods instead. If you're using a plugin that causes this warning, please upgrade to the latest version and report an issue if the warning persists. To disable these warnings, set -Dmaven.project.sourceRoots.warningsDisabled=true on the command line, in the .mvn/maven.config file, or in project POM properties.
2026-08-07 10:52:30,934 [Worker-33: Updating Maven Project] WARN  o.apache.maven.project.MavenProject - Direct modification of testCompileSourceRoots through clear() is deprecated and will not work in Maven 4.0.0. Please use the add/remove methods instead. If you're using a plugin that causes this warning, please upgrade to the latest version and report an issue if the warning persists. To disable these warnings, set -Dmaven.project.sourceRoots.warningsDisabled=true on the command line, in the .mvn/maven.config file, or in project POM properties.
2026-08-07 10:52:30,935 [Worker-33: Updating Maven Project] WARN  o.apache.maven.project.MavenProject - Direct modification of testCompileSourceRoots through add() is deprecated and will not work in Maven 4.0.0. Please use the add/remove methods instead. If you're using a plugin that causes this warning, please upgrade to the latest version and report an issue if the warning persists. To disable these warnings, set -Dmaven.project.sourceRoots.warningsDisabled=true on the command line, in the .mvn/maven.config file, or in project POM properties.
2026-08-07 10:52:30,986 [Worker-33: Updating Maven Project] INFO  o.e.m.c.i.p.ProjectConfigurationManager - Update completed for 1 poms: local refresh takes 0.00 sec, refresh facades takes 0.00 sec, update config takes 0.00 sec 
2026-08-07 10:52:31,665 [Worker-31: Building] INFO  o.a.m.s.f.DefaultMavenResourcesFiltering - Copying 1 resource from src\main\resources to target\classes
2026-08-07 10:52:31,674 [Worker-31: Building] INFO  o.a.m.s.f.DefaultMavenResourcesFiltering - skip non existing resourceDirectory C:\Users\anujv\Desktop\Configuration\StudentManagementXML\src\test\resources
2026-08-07 10:52:31,687 [Worker-31: Building] WARN  o.apache.maven.project.MavenProject - Direct modification of compileSourceRoots through clear() is deprecated and will not work in Maven 4.0.0. Please use the add/remove methods instead. If you're using a plugin that causes this warning, please upgrade to the latest version and report an issue if the warning persists. To disable these warnings, set -Dmaven.project.sourceRoots.warningsDisabled=true on the command line, in the .mvn/maven.config file, or in project POM properties.
2026-08-07 10:52:31,688 [Worker-31: Building] WARN  o.apache.maven.project.MavenProject - Direct modification of compileSourceRoots through add() is deprecated and will not work in Maven 4.0.0. Please use the add/remove methods instead. If you're using a plugin that causes this warning, please upgrade to the latest version and report an issue if the warning persists. To disable these warnings, set -Dmaven.project.sourceRoots.warningsDisabled=true on the command line, in the .mvn/maven.config file, or in project POM properties.
2026-08-07 10:52:31,689 [Worker-31: Building] WARN  o.apache.maven.project.MavenProject - Direct modification of testCompileSourceRoots through clear() is deprecated and will not work in Maven 4.0.0. Please use the add/remove methods instead. If you're using a plugin that causes this warning, please upgrade to the latest version and report an issue if the warning persists. To disable these warnings, set -Dmaven.project.sourceRoots.warningsDisabled=true on the command line, in the .mvn/maven.config file, or in project POM properties.
2026-08-07 10:52:31,689 [Worker-31: Building] WARN  o.apache.maven.project.MavenProject - Direct modification of testCompileSourceRoots through add() is deprecated and will not work in Maven 4.0.0. Please use the add/remove methods instead. If you're using a plugin that causes this warning, please upgrade to the latest version and report an issue if the warning persists. To disable these warnings, set -Dmaven.project.sourceRoots.warningsDisabled=true on the command line, in the .mvn/maven.config file, or in project POM properties.
2026-08-07 10:52:41,752 [Worker-31: Updating Maven Project] INFO  o.e.m.c.i.p.ProjectConfigurationManager - Update started
2026-08-07 10:52:41,856 [Worker-31: Updating Maven Project] INFO  o.e.m.c.i.l.LifecycleMappingFactory - Using org.eclipse.m2e.jdt.JarLifecycleMapping lifecycle mapping for MavenProject: com.studentmanagement:StudentManagementXML:0.0.1-SNAPSHOT @ C:\Users\anujv\Desktop\Configuration\StudentManagementXML\pom.xml.
2026-08-07 10:52:42,107 [Worker-31: Updating Maven Project] INFO  o.e.m.j.i.AbstractJavaProjectConfigurator - Adding source folder /StudentManagementXML/src/main/java
2026-08-07 10:52:42,107 [Worker-31: Updating Maven Project] INFO  o.e.m.j.i.AbstractJavaProjectConfigurator - Adding resource folder /StudentManagementXML/src/main/resources
2026-08-07 10:52:42,108 [Worker-31: Updating Maven Project] INFO  o.e.m.j.i.AbstractJavaProjectConfigurator - Adding source folder /StudentManagementXML/src/test/java
2026-08-07 10:52:42,109 [Worker-31: Updating Maven Project] INFO  o.e.m.j.i.AbstractJavaProjectConfigurator - Adding resource folder /StudentManagementXML/src/test/resources
2026-08-07 10:52:42,175 [Worker-31: Updating Maven Project] WARN  o.apache.maven.project.MavenProject - Direct modification of compileSourceRoots through clear() is deprecated and will not work in Maven 4.0.0. Please use the add/remove methods instead. If you're using a plugin that causes this warning, please upgrade to the latest version and report an issue if the warning persists. To disable these warnings, set -Dmaven.project.sourceRoots.warningsDisabled=true on the command line, in the .mvn/maven.config file, or in project POM properties.
2026-08-07 10:52:42,177 [Worker-31: Updating Maven Project] WARN  o.apache.maven.project.MavenProject - Direct modification of compileSourceRoots through add() is deprecated and will not work in Maven 4.0.0. Please use the add/remove methods instead. If you're using a plugin that causes this warning, please upgrade to the latest version and report an issue if the warning persists. To disable these warnings, set -Dmaven.project.sourceRoots.warningsDisabled=true on the command line, in the .mvn/maven.config file, or in project POM properties.
2026-08-07 10:52:42,180 [Worker-31: Updating Maven Project] WARN  o.apache.maven.project.MavenProject - Direct modification of testCompileSourceRoots through clear() is deprecated and will not work in Maven 4.0.0. Please use the add/remove methods instead. If you're using a plugin that causes this warning, please upgrade to the latest version and report an issue if the warning persists. To disable these warnings, set -Dmaven.project.sourceRoots.warningsDisabled=true on the command line, in the .mvn/maven.config file, or in project POM properties.
2026-08-07 10:52:42,180 [Worker-31: Updating Maven Project] WARN  o.apache.maven.project.MavenProject - Direct modification of testCompileSourceRoots through add() is deprecated and will not work in Maven 4.0.0. Please use the add/remove methods instead. If you're using a plugin that causes this warning, please upgrade to the latest version and report an issue if the warning persists. To disable these warnings, set -Dmaven.project.sourceRoots.warningsDisabled=true on the command line, in the .mvn/maven.config file, or in project POM properties.
2026-08-07 10:52:42,229 [Worker-31: Updating Maven Project] INFO  o.e.m.c.i.p.ProjectConfigurationManager - Update completed for 1 poms: local refresh takes 0.00 sec, refresh facades takes 0.00 sec, update config takes 0.00 sec 
2026-08-07 10:52:42,532 [Worker-29: Building] INFO  o.a.m.s.f.DefaultMavenResourcesFiltering - Copying 1 resource from src\main\resources to target\classes
2026-08-07 10:52:42,541 [Worker-29: Building] INFO  o.a.m.s.f.DefaultMavenResourcesFiltering - skip non existing resourceDirectory C:\Users\anujv\Desktop\Configuration\StudentManagementXML\src\test\resources
2026-08-07 10:52:42,555 [Worker-29: Building] WARN  o.apache.maven.project.MavenProject - Direct modification of compileSourceRoots through clear() is deprecated and will not work in Maven 4.0.0. Please use the add/remove methods instead. If you're using a plugin that causes this warning, please upgrade to the latest version and report an issue if the warning persists. To disable these warnings, set -Dmaven.project.sourceRoots.warningsDisabled=true on the command line, in the .mvn/maven.config file, or in project POM properties.
2026-08-07 10:52:42,557 [Worker-29: Building] WARN  o.apache.maven.project.MavenProject - Direct modification of compileSourceRoots through add() is deprecated and will not work in Maven 4.0.0. Please use the add/remove methods instead. If you're using a plugin that causes this warning, please upgrade to the latest version and report an issue if the warning persists. To disable these warnings, set -Dmaven.project.sourceRoots.warningsDisabled=true on the command line, in the .mvn/maven.config file, or in project POM properties.
2026-08-07 10:52:42,557 [Worker-29: Building] WARN  o.apache.maven.project.MavenProject - Direct modification of testCompileSourceRoots through clear() is deprecated and will not work in Maven 4.0.0. Please use the add/remove methods instead. If you're using a plugin that causes this warning, please upgrade to the latest version and report an issue if the warning persists. To disable these warnings, set -Dmaven.project.sourceRoots.warningsDisabled=true on the command line, in the .mvn/maven.config file, or in project POM properties.
2026-08-07 10:52:42,558 [Worker-29: Building] WARN  o.apache.maven.project.MavenProject - Direct modification of testCompileSourceRoots through add() is deprecated and will not work in Maven 4.0.0. Please use the add/remove methods instead. If you're using a plugin that causes this warning, please upgrade to the latest version and report an issue if the warning persists. To disable these warnings, set -Dmaven.project.sourceRoots.warningsDisabled=true on the command line, in the .mvn/maven.config file, or in project POM properties.
2026-08-07 10:53:37,085 [Worker-24: Building] INFO  o.a.m.s.f.DefaultMavenResourcesFiltering - Copying 1 resource from src\main\resources to target\classes
2026-08-07 10:53:37,090 [Worker-24: Building] INFO  o.a.m.s.f.DefaultMavenResourcesFiltering - skip non existing resourceDirectory C:\Users\anujv\Desktop\Configuration\StudentManagementXML\src\test\resources
2026-08-07 10:53:37,090 [Worker-24: Building] WARN  o.apache.maven.project.MavenProject - Direct modification of compileSourceRoots through clear() is deprecated and will not work in Maven 4.0.0. Please use the add/remove methods instead. If you're using a plugin that causes this warning, please upgrade to the latest version and report an issue if the warning persists. To disable these warnings, set -Dmaven.project.sourceRoots.warningsDisabled=true on the command line, in the .mvn/maven.config file, or in project POM properties.
2026-08-07 10:53:37,091 [Worker-24: Building] WARN  o.apache.maven.project.MavenProject - Direct modification of compileSourceRoots through add() is deprecated and will not work in Maven 4.0.0. Please use the add/remove methods instead. If you're using a plugin that causes this warning, please upgrade to the latest version and report an issue if the warning persists. To disable these warnings, set -Dmaven.project.sourceRoots.warningsDisabled=true on the command line, in the .mvn/maven.config file, or in project POM properties.
2026-08-07 10:53:37,091 [Worker-24: Building] WARN  o.apache.maven.project.MavenProject - Direct modification of testCompileSourceRoots through clear() is deprecated and will not work in Maven 4.0.0. Please use the add/remove methods instead. If you're using a plugin that causes this warning, please upgrade to the latest version and report an issue if the warning persists. To disable these warnings, set -Dmaven.project.sourceRoots.warningsDisabled=true on the command line, in the .mvn/maven.config file, or in project POM properties.
2026-08-07 10:53:37,092 [Worker-24: Building] WARN  o.apache.maven.project.MavenProject - Direct modification of testCompileSourceRoots through add() is deprecated and will not work in Maven 4.0.0. Please use the add/remove methods instead. If you're using a plugin that causes this warning, please upgrade to the latest version and report an issue if the warning persists. To disable these warnings, set -Dmaven.project.sourceRoots.warningsDisabled=true on the command line, in the .mvn/maven.config file, or in project POM properties.
2026-08-07 10:53:51,179 [Worker-24: Updating Maven Project] INFO  o.e.m.c.i.p.ProjectConfigurationManager - Update started
2026-08-07 10:53:51,263 [Worker-24: Updating Maven Project] INFO  o.e.m.c.i.l.LifecycleMappingFactory - Using org.eclipse.m2e.jdt.JarLifecycleMapping lifecycle mapping for MavenProject: com.studentmanagement:StudentManagementXML:0.0.1-SNAPSHOT @ C:\Users\anujv\Desktop\Configuration\StudentManagementXML\pom.xml.
2026-08-07 10:53:51,392 [Worker-24: Updating Maven Project] INFO  o.e.m.j.i.AbstractJavaProjectConfigurator - Adding source folder /StudentManagementXML/src/main/java
2026-08-07 10:53:51,392 [Worker-24: Updating Maven Project] INFO  o.e.m.j.i.AbstractJavaProjectConfigurator - Adding resource folder /StudentManagementXML/src/main/resources
2026-08-07 10:53:51,394 [Worker-24: Updating Maven Project] INFO  o.e.m.j.i.AbstractJavaProjectConfigurator - Adding source folder /StudentManagementXML/src/test/java
2026-08-07 10:53:51,395 [Worker-24: Updating Maven Project] INFO  o.e.m.j.i.AbstractJavaProjectConfigurator - Adding resource folder /StudentManagementXML/src/test/resources
2026-08-07 10:53:51,453 [Worker-24: Updating Maven Project] WARN  o.apache.maven.project.MavenProject - Direct modification of compileSourceRoots through clear() is deprecated and will not work in Maven 4.0.0. Please use the add/remove methods instead. If you're using a plugin that causes this warning, please upgrade to the latest version and report an issue if the warning persists. To disable these warnings, set -Dmaven.project.sourceRoots.warningsDisabled=true on the command line, in the .mvn/maven.config file, or in project POM properties.
2026-08-07 10:53:51,454 [Worker-24: Updating Maven Project] WARN  o.apache.maven.project.MavenProject - Direct modification of compileSourceRoots through add() is deprecated and will not work in Maven 4.0.0. Please use the add/remove methods instead. If you're using a plugin that causes this warning, please upgrade to the latest version and report an issue if the warning persists. To disable these warnings, set -Dmaven.project.sourceRoots.warningsDisabled=true on the command line, in the .mvn/maven.config file, or in project POM properties.
2026-08-07 10:53:51,455 [Worker-24: Updating Maven Project] WARN  o.apache.maven.project.MavenProject - Direct modification of testCompileSourceRoots through clear() is deprecated and will not work in Maven 4.0.0. Please use the add/remove methods instead. If you're using a plugin that causes this warning, please upgrade to the latest version and report an issue if the warning persists. To disable these warnings, set -Dmaven.project.sourceRoots.warningsDisabled=true on the command line, in the .mvn/maven.config file, or in project POM properties.
2026-08-07 10:53:51,455 [Worker-24: Updating Maven Project] WARN  o.apache.maven.project.MavenProject - Direct modification of testCompileSourceRoots through add() is deprecated and will not work in Maven 4.0.0. Please use the add/remove methods instead. If you're using a plugin that causes this warning, please upgrade to the latest version and report an issue if the warning persists. To disable these warnings, set -Dmaven.project.sourceRoots.warningsDisabled=true on the command line, in the .mvn/maven.config file, or in project POM properties.
2026-08-07 10:53:51,503 [Worker-24: Updating Maven Project] INFO  o.e.m.c.i.p.ProjectConfigurationManager - Update completed for 1 poms: local refresh takes 0.00 sec, refresh facades takes 0.00 sec, update config takes 0.00 sec 
2026-08-07 10:53:51,789 [Worker-32: Building] INFO  o.a.m.s.f.DefaultMavenResourcesFiltering - Copying 1 resource from src\main\resources to target\classes
2026-08-07 10:53:51,799 [Worker-32: Building] INFO  o.a.m.s.f.DefaultMavenResourcesFiltering - skip non existing resourceDirectory C:\Users\anujv\Desktop\Configuration\StudentManagementXML\src\test\resources
2026-08-07 10:53:51,810 [Worker-32: Building] WARN  o.apache.maven.project.MavenProject - Direct modification of compileSourceRoots through clear() is deprecated and will not work in Maven 4.0.0. Please use the add/remove methods instead. If you're using a plugin that causes this warning, please upgrade to the latest version and report an issue if the warning persists. To disable these warnings, set -Dmaven.project.sourceRoots.warningsDisabled=true on the command line, in the .mvn/maven.config file, or in project POM properties.
2026-08-07 10:53:51,811 [Worker-32: Building] WARN  o.apache.maven.project.MavenProject - Direct modification of compileSourceRoots through add() is deprecated and will not work in Maven 4.0.0. Please use the add/remove methods instead. If you're using a plugin that causes this warning, please upgrade to the latest version and report an issue if the warning persists. To disable these warnings, set -Dmaven.project.sourceRoots.warningsDisabled=true on the command line, in the .mvn/maven.config file, or in project POM properties.
2026-08-07 10:53:51,811 [Worker-32: Building] WARN  o.apache.maven.project.MavenProject - Direct modification of testCompileSourceRoots through clear() is deprecated and will not work in Maven 4.0.0. Please use the add/remove methods instead. If you're using a plugin that causes this warning, please upgrade to the latest version and report an issue if the warning persists. To disable these warnings, set -Dmaven.project.sourceRoots.warningsDisabled=true on the command line, in the .mvn/maven.config file, or in project POM properties.
2026-08-07 10:53:51,812 [Worker-32: Building] WARN  o.apache.maven.project.MavenProject - Direct modification of testCompileSourceRoots through add() is deprecated and will not work in Maven 4.0.0. Please use the add/remove methods instead. If you're using a plugin that causes this warning, please upgrade to the latest version and report an issue if the warning persists. To disable these warnings, set -Dmaven.project.sourceRoots.warningsDisabled=true on the command line, in the .mvn/maven.config file, or in project POM properties.
2026-08-07 10:54:54,783 [Worker-32: Launching App (2)] INFO  o.a.m.s.f.DefaultMavenResourcesFiltering - Copying 1 resource from src\main\resources to target\classes
2026-08-07 10:54:54,789 [Worker-32: Launching App (2)] INFO  o.a.m.s.f.DefaultMavenResourcesFiltering - skip non existing resourceDirectory C:\Users\anujv\Desktop\Configuration\StudentManagementXML\src\test\resources
2026-08-07 10:54:54,789 [Worker-32: Launching App (2)] WARN  o.apache.maven.project.MavenProject - Direct modification of compileSourceRoots through clear() is deprecated and will not work in Maven 4.0.0. Please use the add/remove methods instead. If you're using a plugin that causes this warning, please upgrade to the latest version and report an issue if the warning persists. To disable these warnings, set -Dmaven.project.sourceRoots.warningsDisabled=true on the command line, in the .mvn/maven.config file, or in project POM properties.
2026-08-07 10:54:54,792 [Worker-32: Launching App (2)] WARN  o.apache.maven.project.MavenProject - Direct modification of compileSourceRoots through add() is deprecated and will not work in Maven 4.0.0. Please use the add/remove methods instead. If you're using a plugin that causes this warning, please upgrade to the latest version and report an issue if the warning persists. To disable these warnings, set -Dmaven.project.sourceRoots.warningsDisabled=true on the command line, in the .mvn/maven.config file, or in project POM properties.
2026-08-07 10:54:54,793 [Worker-32: Launching App (2)] WARN  o.apache.maven.project.MavenProject - Direct modification of testCompileSourceRoots through clear() is deprecated and will not work in Maven 4.0.0. Please use the add/remove methods instead. If you're using a plugin that causes this warning, please upgrade to the latest version and report an issue if the warning persists. To disable these warnings, set -Dmaven.project.sourceRoots.warningsDisabled=true on the command line, in the .mvn/maven.config file, or in project POM properties.
2026-08-07 10:54:54,794 [Worker-32: Launching App (2)] WARN  o.apache.maven.project.MavenProject - Direct modification of testCompileSourceRoots through add() is deprecated and will not work in Maven 4.0.0. Please use the add/remove methods instead. If you're using a plugin that causes this warning, please upgrade to the latest version and report an issue if the warning persists. To disable these warnings, set -Dmaven.project.sourceRoots.warningsDisabled=true on the command line, in the .mvn/maven.config file, or in project POM properties.
